freq,size_emp,cost,unit,geo\TIME_PERIOD	2005 	2010 	2015 	2020 
A,10-49,DIR,EUR,AT	120 	231 b	216 	184 
A,10-49,DIR,EUR,BE	96 	196 	302 	210 
A,10-49,DIR,EUR,BG	11 	12 b	38 	10 
A,10-49,DIR,EUR,CY	82 	126 	88 	113 
A,10-49,DIR,EUR,CZ	48 	61 b	83 bd	63 b
A,10-49,DIR,EUR,DE	144 	184 b	191 	171 
A,10-49,DIR,EUR,DK	401 u	372 b	208 	137 
A,10-49,DIR,EUR,EE	81 	63 b	99 	84 
A,10-49,DIR,EUR,EL	33 	35 b	18 	25 
A,10-49,DIR,EUR,ES	59 	98 b	109 	60 
A,10-49,DIR,EUR,EU27_2020	104 	141 	136 	115 
A,10-49,DIR,EUR,EU28	127 	146 b	147 	: 
A,10-49,DIR,EUR,FI	256 	213 b	286 	118 
A,10-49,DIR,EUR,FR	142 	181 	75 	61 
A,10-49,DIR,EUR,HR	: 	78 	75 	41 
A,10-49,DIR,EUR,HU	34 	34 b	25 	31 b
A,10-49,DIR,EUR,IE	340 	: 	186 	163 
A,10-49,DIR,EUR,IT	71 	87 	117 	155 
A,10-49,DIR,EUR,LT	21 	41 b	50 	32 
A,10-49,DIR,EUR,LU	201 	329 b	301 	297 
A,10-49,DIR,EUR,LV	: 	18 	32 	28 
A,10-49,DIR,EUR,MK	: 	: 	130 	22 
A,10-49,DIR,EUR,MT	81 	196 b	150 	100 
A,10-49,DIR,EUR,NL	222 u	303 b	386 	361 
A,10-49,DIR,EUR,NO	188 	363 	469 	423 
A,10-49,DIR,EUR,PL	18 	17 b	27 	21 
A,10-49,DIR,EUR,PT	47 	121 b	69 	29 
A,10-49,DIR,EUR,RO	11 	: 	14 	4 
A,10-49,DIR,EUR,RS	: 	: 	: 	32 
A,10-49,DIR,EUR,SE	242 	456 b	440 b	329 b
A,10-49,DIR,EUR,SI	183 	119 b	194 	149 
A,10-49,DIR,EUR,SK	37 	126 b	97 	96 
A,10-49,DIR,EUR,UK	301 	185 b	219 	: 
A,10-49,DIR,PPS,AT	116 	210 b	204 	: 
A,10-49,DIR,PPS,BE	91 	180 	284 	: 
A,10-49,DIR,PPS,BG	31 	26 b	82 	: 
A,10-49,DIR,PPS,CY	97 	138 	100 	: 
A,10-49,DIR,PPS,CZ	83 	87 b	132 bd	: 
A,10-49,DIR,PPS,DE	141 	175 b	184 	: 
A,10-49,DIR,PPS,DK	297 u	279 b	160 	: 
A,10-49,DIR,PPS,EE	137 	95 b	138 	: 
A,10-49,DIR,PPS,EL	39 	37 b	22 	: 
A,10-49,DIR,PPS,ES	65 	103 b	124 	: 
A,10-49,DIR,PPS,EU27_2020	108 	142 	142 	: 
A,10-49,DIR,PPS,EU28	127 	146 b	147 	: 
A,10-49,DIR,PPS,FI	222 	181 b	237 	: 
A,10-49,DIR,PPS,FR	132 	162 	70 	: 
A,10-49,DIR,PPS,HR	: 	112 	123 	: 
A,10-49,DIR,PPS,HU	55 	57 b	43 	: 
A,10-49,DIR,PPS,IE	286 	: 	172 	: 
A,10-49,DIR,PPS,IT	70 	86 	119 	: 
A,10-49,DIR,PPS,LT	41 	70 b	85 	: 
A,10-49,DIR,PPS,LU	181 	272 b	256 	: 
A,10-49,DIR,PPS,LV	: 	28 	48 	: 
A,10-49,DIR,PPS,MK	: 	: 	310 	: 
A,10-49,DIR,PPS,MT	121 	262 b	188 	: 
A,10-49,DIR,PPS,NL	210 u	271 b	358 	: 
A,10-49,DIR,PPS,NO	142 	243 	318 	: 
A,10-49,DIR,PPS,PL	34 	29 b	48 	: 
A,10-49,DIR,PPS,PT	60 	148 b	89 	: 
A,10-49,DIR,PPS,RO	25 	: 	28 	: 
A,10-49,DIR,PPS,SE	201 	369 b	349 b	: 
A,10-49,DIR,PPS,SI	255 	143 b	245 	: 
A,10-49,DIR,PPS,SK	56 	192 b	149 	: 
A,10-49,DIR,PPS,UK	247 	173 b	173 	: 
A,10-49,DIR,PPS_EU27_2020,AT	111 	208 b	195 	161 
A,10-49,DIR,PPS_EU27_2020,BE	88 	178 	272 	188 
A,10-49,DIR,PPS_EU27_2020,BG	30 	26 b	78 	18 
A,10-49,DIR,PPS_EU27_2020,CY	93 	137 	96 	123 
A,10-49,DIR,PPS_EU27_2020,CZ	80 	86 b	126 bd	87 b
A,10-49,DIR,PPS_EU27_2020,DE	135 	173 b	176 	155 
A,10-49,DIR,PPS_EU27_2020,DK	286 u	276 b	153 	103 
A,10-49,DIR,PPS_EU27_2020,EE	132 	94 b	132 	105 
A,10-49,DIR,PPS_EU27_2020,EL	38 	36 b	21 	30 
A,10-49,DIR,PPS_EU27_2020,ES	63 	102 b	118 	64 
A,10-49,DIR,PPS_EU27_2020,EU27_2020	104 	141 	136 	115 
A,10-49,DIR,PPS_EU27_2020,EU28	123 	145 b	141 	: 
A,10-49,DIR,PPS_EU27_2020,FI	214 	179 b	227 	93 
A,10-49,DIR,PPS_EU27_2020,FR	127 	160 	67 	56 
A,10-49,DIR,PPS_EU27_2020,HR	: 	111 	118 	64 
A,10-49,DIR,PPS_EU27_2020,HU	53 	56 b	41 	49 b
A,10-49,DIR,PPS_EU27_2020,IE	275 	: 	165 	136 
A,10-49,DIR,PPS_EU27_2020,IT	68 	85 	114 	156 
A,10-49,DIR,PPS_EU27_2020,LT	39 	70 b	81 	47 
A,10-49,DIR,PPS_EU27_2020,LU	174 	269 b	245 	230 
A,10-49,DIR,PPS_EU27_2020,LV	: 	28 	46 	38 
A,10-49,DIR,PPS_EU27_2020,MK	: 	: 	296 	48 
A,10-49,DIR,PPS_EU27_2020,MT	116 	259 b	180 	114 
A,10-49,DIR,PPS_EU27_2020,NL	202 u	268 b	343 	312 
A,10-49,DIR,PPS_EU27_2020,NO	137 	240 	304 	300 
A,10-49,DIR,PPS_EU27_2020,PL	32 	29 b	46 	34 
A,10-49,DIR,PPS_EU27_2020,PT	58 	147 b	85 	35 
A,10-49,DIR,PPS_EU27_2020,RO	24 	: 	27 	7 
A,10-49,DIR,PPS_EU27_2020,RS	: 	: 	: 	60 
A,10-49,DIR,PPS_EU27_2020,SE	194 	365 b	334 b	263 b
A,10-49,DIR,PPS_EU27_2020,SI	246 	141 b	234 	177 
A,10-49,DIR,PPS_EU27_2020,SK	54 	190 b	142 	120 
A,10-49,DIR,PPS_EU27_2020,UK	238 	171 b	165 	: 
A,10-49,LCP,EUR,AT	85 	166 	208 	196 
A,10-49,LCP,EUR,BE	189 	334 	465 	275 
A,10-49,LCP,EUR,BG	4 	14 	23 	17 
A,10-49,LCP,EUR,CY	47 	113 	74 	65 
A,10-49,LCP,EUR,CZ	49 	47 	77 bd	85 b
A,10-49,LCP,EUR,DE	147 	110 	137 	153 
A,10-49,LCP,EUR,DK	443 	647 	341 	239 
A,10-49,LCP,EUR,EE	33 	47 	74 	109 
A,10-49,LCP,EUR,EL	19 	29 	13 	18 
A,10-49,LCP,EUR,ES	73 	114 	140 	457 
A,10-49,LCP,EUR,EU27_2020	106 	137 	148 	189 
A,10-49,LCP,EUR,EU28	104 	132 	145 	: 
A,10-49,LCP,EUR,FI	144 	184 	206 	128 
A,10-49,LCP,EUR,FR	176 	192 	202 	228 
A,10-49,LCP,EUR,HR	: 	76 	62 	70 
A,10-49,LCP,EUR,HU	19 	14 	11 	52 b
A,10-49,LCP,EUR,IE	111 	: 	467 	290 
A,10-49,LCP,EUR,IT	60 	93 	129 	243 
A,10-49,LCP,EUR,LT	10 	21 	21 	31 
A,10-49,LCP,EUR,LU	233 	369 	405 	503 
A,10-49,LCP,EUR,LV	: 	15 	22 	31 
A,10-49,LCP,EUR,MK	: 	: 	62 	19 
A,10-49,LCP,EUR,MT	61 	49 	75 	50 
A,10-49,LCP,EUR,NL	194 	331 	266 	277 
A,10-49,LCP,EUR,NO	237 	444 	443 	411 
A,10-49,LCP,EUR,PL	12 	14 	18 	21 
A,10-49,LCP,EUR,PT	52 	135 	85 	78 
A,10-49,LCP,EUR,RO	4 	: 	12 	5 
A,10-49,LCP,EUR,RS	: 	: 	: 	40 
A,10-49,LCP,EUR,SE	281 	436 	334 b	356 b
A,10-49,LCP,EUR,SI	143 	204 	285 	133 
A,10-49,LCP,EUR,SK	32 	93 	90 	74 
A,10-49,LCP,EUR,UK	93 	95 	124 	: 
A,10-49,LCP,PPS,AT	82 	151 	195 	: 
A,10-49,LCP,PPS,BE	180 	305 	437 	: 
A,10-49,LCP,PPS,BG	10 	31 	50 	: 
A,10-49,LCP,PPS,CY	56 	124 	84 	: 
A,10-49,LCP,PPS,CZ	84 	67 	121 bd	: 
A,10-49,LCP,PPS,DE	143 	104 	133 	: 
A,10-49,LCP,PPS,DK	327 	486 	262 	: 
A,10-49,LCP,PPS,EE	56 	70 	104 	: 
A,10-49,LCP,PPS,EL	23 	30 	16 	: 
A,10-49,LCP,PPS,ES	81 	120 	158 	: 
A,10-49,LCP,PPS,EU27_2020	110 	139 	155 	: 
A,10-49,LCP,PPS,EU28	104 	132 	145 	: 
A,10-49,LCP,PPS,FI	125 	156 	170 	: 
A,10-49,LCP,PPS,FR	163 	172 	187 	: 
A,10-49,LCP,PPS,HR	: 	110 	101 	: 
A,10-49,LCP,PPS,HU	30 	23 	20 	: 
A,10-49,LCP,PPS,IE	93 	: 	434 	: 
A,10-49,LCP,PPS,IT	59 	93 	131 	: 
A,10-49,LCP,PPS,LT	20 	37 	35 	: 
A,10-49,LCP,PPS,LU	210 	305 	346 	: 
A,10-49,LCP,PPS,LV	: 	24 	33 	: 
A,10-49,LCP,PPS,MK	: 	: 	148 	: 
A,10-49,LCP,PPS,MT	91 	66 	94 	: 
A,10-49,LCP,PPS,NL	183 	297 	247 	: 
A,10-49,LCP,PPS,NO	179 	297 	300 	: 
A,10-49,LCP,PPS,PL	22 	24 	32 	: 
A,10-49,LCP,PPS,PT	66 	166 	109 	: 
A,10-49,LCP,PPS,RO	10 	: 	24 	: 
A,10-49,LCP,PPS,SE	234 	353 	265 b	: 
A,10-49,LCP,PPS,SI	200 	245 	359 	: 
A,10-49,LCP,PPS,SK	48 	142 	138 	: 
A,10-49,LCP,PPS,UK	77 	89 	98 	: 
A,10-49,LCP,PPS_EU27_2020,AT	79 	149 	187 	172 
A,10-49,LCP,PPS_EU27_2020,BE	173 	302 	418 	247 
A,10-49,LCP,PPS_EU27_2020,BG	10 	30 	47 	32 
A,10-49,LCP,PPS_EU27_2020,CY	54 	123 	81 	71 
A,10-49,LCP,PPS_EU27_2020,CZ	81 	66 	116 bd	118 b
A,10-49,LCP,PPS_EU27_2020,DE	138 	103 	127 	139 
A,10-49,LCP,PPS_EU27_2020,DK	316 	481 	251 	179 
A,10-49,LCP,PPS_EU27_2020,EE	54 	69 	100 	135 
A,10-49,LCP,PPS_EU27_2020,EL	22 	30 	15 	22 
A,10-49,LCP,PPS_EU27_2020,ES	78 	118 	151 	486 
A,10-49,LCP,PPS_EU27_2020,EU27_2020	106 	137 	148 	189 
A,10-49,LCP,PPS_EU27_2020,EU28	100 	131 	139 	: 
A,10-49,LCP,PPS_EU27_2020,FI	120 	155 	163 	101 
A,10-49,LCP,PPS_EU27_2020,FR	157 	170 	179 	209 
A,10-49,LCP,PPS_EU27_2020,HR	: 	109 	96 	109 
A,10-49,LCP,PPS_EU27_2020,HU	29 	23 	19 	81 b
A,10-49,LCP,PPS_EU27_2020,IE	90 	: 	415 	242 
A,10-49,LCP,PPS_EU27_2020,IT	57 	92 	126 	245 
A,10-49,LCP,PPS_EU27_2020,LT	19 	36 	34 	45 
A,10-49,LCP,PPS_EU27_2020,LU	202 	302 	331 	389 
A,10-49,LCP,PPS_EU27_2020,LV	: 	23 	32 	42 
A,10-49,LCP,PPS_EU27_2020,MK	: 	: 	141 	40 
A,10-49,LCP,PPS_EU27_2020,MT	87 	65 	90 	58 
A,10-49,LCP,PPS_EU27_2020,NL	177 	294 	237 	239 
A,10-49,LCP,PPS_EU27_2020,NO	172 	294 	287 	291 
A,10-49,LCP,PPS_EU27_2020,PL	22 	23 	31 	35 
A,10-49,LCP,PPS_EU27_2020,PT	64 	164 	104 	91 
A,10-49,LCP,PPS_EU27_2020,RO	9 	: 	23 	9 
A,10-49,LCP,PPS_EU27_2020,RS	: 	: 	: 	74 
A,10-49,LCP,PPS_EU27_2020,SE	225 	349 	253 b	285 b
A,10-49,LCP,PPS_EU27_2020,SI	192 	242 	344 	158 
A,10-49,LCP,PPS_EU27_2020,SK	46 	140 	132 	92 
A,10-49,LCP,PPS_EU27_2020,UK	74 	88 	94 	: 
A,10-49,NET,EUR,AT	-4 	-10 b	3 	18 
A,10-49,NET,EUR,BE	38 	48 	46 	2 
A,10-49,NET,EUR,BG	0 	-1 b	-2 	0 
A,10-49,NET,EUR,CY	54 	77 	74 	2 
A,10-49,NET,EUR,CZ	0 	-6 b	-20 bd	-93 b
A,10-49,NET,EUR,DE	-2 	4 b	10 	3 
A,10-49,NET,EUR,DK	3 u	4 b	19 	9 
A,10-49,NET,EUR,EE	-1 	-9 b	-2 	-4 
A,10-49,NET,EUR,EL	4 	55 b	96 	1 
A,10-49,NET,EUR,ES	21 	103 b	87 	-17 
A,10-49,NET,EUR,EU27_2020	50 	56 	67 	37 
A,10-49,NET,EUR,EU28	44 	51 b	60 	: 
A,10-49,NET,EUR,FI	-5 	0 b	-5 	-1 
A,10-49,NET,EUR,FR	248 	200 	294 	225 
A,10-49,NET,EUR,HR	: 	-4 	-4 	-6 
A,10-49,NET,EUR,HU	35 	51 b	61 	78 b
A,10-49,NET,EUR,IE	-1 	: 	10 	41 
A,10-49,NET,EUR,IT	49 	66 	68 	50 
A,10-49,NET,EUR,LT	0 	-16 b	3 	-1 
A,10-49,NET,EUR,LU	3 	-31 b	-26 	-4 
A,10-49,NET,EUR,LV	: 	0 	-2 	-1 
A,10-49,NET,EUR,MK	: 	: 	5 	-2 
A,10-49,NET,EUR,MT	-4 	-5 b	9 	-2 
A,10-49,NET,EUR,NL	21 u	26 b	22 	11 
A,10-49,NET,EUR,NO	2 	-9 	-20 	-13 
A,10-49,NET,EUR,PL	0 	-5 b	-1 	-2 
A,10-49,NET,EUR,PT	-4 	-31 b	1 	-1 
A,10-49,NET,EUR,RO	0 	: 	0 	0 
A,10-49,NET,EUR,RS	: 	: 	: 	-2 
A,10-49,NET,EUR,SE	-8 	-4 b	61 b	-1 b
A,10-49,NET,EUR,SI	-10 	-35 b	-5 	-13 
A,10-49,NET,EUR,SK	0 	10 b	0 	-12 
A,10-49,NET,EUR,UK	4 	16 b	15 	: 
A,10-49,NET,PPS,AT	-4 	-9 b	3 	: 
A,10-49,NET,PPS,BE	36 	44 	43 	: 
A,10-49,NET,PPS,BG	-1 	-3 b	-5 	: 
A,10-49,NET,PPS,CY	63 	84 	84 	: 
A,10-49,NET,PPS,CZ	0 	-8 b	-32 bd	: 
A,10-49,NET,PPS,DE	-2 	4 b	9 	: 
A,10-49,NET,PPS,DK	2 u	3 b	15 	: 
A,10-49,NET,PPS,EE	-2 	-13 b	-2 	: 
A,10-49,NET,PPS,EL	4 	58 b	118 	: 
A,10-49,NET,PPS,ES	23 	108 b	99 	: 
A,10-49,NET,PPS,EU27_2020	52 	56 	70 	: 
A,10-49,NET,PPS,EU28	44 	51 b	60 	: 
A,10-49,NET,PPS,FI	-4 	0 b	-5 	: 
A,10-49,NET,PPS,FR	230 	179 	274 	: 
A,10-49,NET,PPS,HR	: 	-5 	-6 	: 
A,10-49,NET,PPS,HU	56 	85 b	107 	: 
A,10-49,NET,PPS,IE	-1 	: 	10 	: 
A,10-49,NET,PPS,IT	48 	65 	69 	: 
A,10-49,NET,PPS,LT	-1 	-27 b	5 	: 
A,10-49,NET,PPS,LU	3 	-26 b	-22 	: 
A,10-49,NET,PPS,LV	: 	0 	-3 	: 
A,10-49,NET,PPS,MK	: 	: 	12 	: 
A,10-49,NET,PPS,MT	-6 	-7 b	12 	: 
A,10-49,NET,PPS,NL	19 u	24 b	21 	: 
A,10-49,NET,PPS,NO	2 	-6 	-14 	: 
A,10-49,NET,PPS,PL	0 	-8 b	-1 	: 
A,10-49,NET,PPS,PT	-5 	-39 b	1 	: 
A,10-49,NET,PPS,RO	0 	: 	0 	: 
A,10-49,NET,PPS,SE	-7 	-3 b	49 b	: 
A,10-49,NET,PPS,SI	-14 	-42 b	-7 	: 
A,10-49,NET,PPS,SK	0 	16 b	0 	: 
A,10-49,NET,PPS,UK	3 	15 b	12 	: 
A,10-49,NET,PPS_EU27_2020,AT	-4 	-9 b	3 	16 
A,10-49,NET,PPS_EU27_2020,BE	35 	43 	41 	2 
A,10-49,NET,PPS_EU27_2020,BG	-1 	-3 b	-5 	0 
A,10-49,NET,PPS_EU27_2020,CY	61 	83 	80 	3 
A,10-49,NET,PPS_EU27_2020,CZ	0 	-8 b	-31 bd	-129 b
A,10-49,NET,PPS_EU27_2020,DE	-2 	4 b	9 	2 
A,10-49,NET,PPS_EU27_2020,DK	2 u	3 b	14 	7 
A,10-49,NET,PPS_EU27_2020,EE	-1 	-13 b	-2 	-5 
A,10-49,NET,PPS_EU27_2020,EL	4 	57 b	113 	2 
A,10-49,NET,PPS_EU27_2020,ES	22 	107 b	95 	-18 
A,10-49,NET,PPS_EU27_2020,EU27_2020	50 	56 	67 	37 
A,10-49,NET,PPS_EU27_2020,EU28	43 	50 b	57 	: 
A,10-49,NET,PPS_EU27_2020,FI	-4 	0 b	-4 	-1 
A,10-49,NET,PPS_EU27_2020,FR	221 	177 	262 	207 
A,10-49,NET,PPS_EU27_2020,HR	: 	-5 	-6 	-9 
A,10-49,NET,PPS_EU27_2020,HU	54 	84 b	102 	122 b
A,10-49,NET,PPS_EU27_2020,IE	-1 	: 	9 	34 
A,10-49,NET,PPS_EU27_2020,IT	47 	64 	66 	50 
A,10-49,NET,PPS_EU27_2020,LT	-1 	-26 b	4 	-2 
A,10-49,NET,PPS_EU27_2020,LU	2 	-26 b	-21 	-3 
A,10-49,NET,PPS_EU27_2020,LV	: 	0 	-3 	-1 
A,10-49,NET,PPS_EU27_2020,MK	: 	: 	12 	-4 
A,10-49,NET,PPS_EU27_2020,MT	-6 	-7 b	11 	-3 
A,10-49,NET,PPS_EU27_2020,NL	19 u	23 b	20 	10 
A,10-49,NET,PPS_EU27_2020,NO	2 	-6 	-13 	-9 
A,10-49,NET,PPS_EU27_2020,PL	0 	-8 b	-1 	-4 
A,10-49,NET,PPS_EU27_2020,PT	-5 	-38 b	1 	-1 
A,10-49,NET,PPS_EU27_2020,RO	0 	: 	0 	-1 
A,10-49,NET,PPS_EU27_2020,RS	: 	: 	: 	-4 
A,10-49,NET,PPS_EU27_2020,SE	-6 	-3 b	47 b	-1 b
A,10-49,NET,PPS_EU27_2020,SI	-13 	-42 b	-6 	-16 
A,10-49,NET,PPS_EU27_2020,SK	0 	16 b	0 	-14 
A,10-49,NET,PPS_EU27_2020,UK	3 	15 b	11 	: 
A,10-49,TOTAL,EUR,AT	200 	387 b	427 	399 
A,10-49,TOTAL,EUR,BE	323 	578 	813 	487 
A,10-49,TOTAL,EUR,BG	15 	24 b	58 	27 
A,10-49,TOTAL,EUR,CY	183 	317 	237 	181 
A,10-49,TOTAL,EUR,CZ	97 	103 b	139 bd	55 b
A,10-49,TOTAL,EUR,DE	289 	297 b	338 	327 
A,10-49,TOTAL,EUR,DK	848 u	1023 b	569 	385 
A,10-49,TOTAL,EUR,EE	114 	102 b	172 	189 
A,10-49,TOTAL,EUR,EL	55 	118 b	126 	45 
A,10-49,TOTAL,EUR,ES	153 	315 b	336 	500 
A,10-49,TOTAL,EUR,EU27_2020	259 	333 	352 	342 
A,10-49,TOTAL,EUR,EU28	276 	329 b	352 	: 
A,10-49,TOTAL,EUR,FI	395 	397 b	486 	244 
A,10-49,TOTAL,EUR,FR	566 	572 	571 	514 
A,10-49,TOTAL,EUR,HR	: 	151 	134 	105 
A,10-49,TOTAL,EUR,HU	87 	99 b	97 	161 b
A,10-49,TOTAL,EUR,IE	450 	: 	663 	493 
A,10-49,TOTAL,EUR,IT	179 	246 	314 	448 
A,10-49,TOTAL,EUR,LT	31 	47 b	74 	61 
A,10-49,TOTAL,EUR,LU	438 	667 b	680 	796 
A,10-49,TOTAL,EUR,LV	: 	33 	51 	59 
A,10-49,TOTAL,EUR,MK	: 	: 	197 	39 
A,10-49,TOTAL,EUR,MT	139 	240 b	235 	148 
A,10-49,TOTAL,EUR,NL	436 u	660 b	675 	649 
A,10-49,TOTAL,EUR,NO	427 	797 	892 	821 
A,10-49,TOTAL,EUR,PL	31 	26 b	44 	40 
A,10-49,TOTAL,EUR,PT	95 	225 b	155 	106 
A,10-49,TOTAL,EUR,RO	16 	: 	26 	8 
A,10-49,TOTAL,EUR,RS	: 	: 	: 	70 
A,10-49,TOTAL,EUR,SE	515 	888 b	834 b	684 b
A,10-49,TOTAL,EUR,SI	317 	288 b	473 	268 
A,10-49,TOTAL,EUR,SK	69 	229 b	188 	159 
A,10-49,TOTAL,EUR,UK	398 	297 b	358 	: 
A,10-49,TOTAL,PPS,AT	193 	351 b	402 	: 
A,10-49,TOTAL,PPS,BE	307 	529 	764 	: 
A,10-49,TOTAL,PPS,BG	41 	54 b	126 	: 
A,10-49,TOTAL,PPS,CY	215 	346 	269 	: 
A,10-49,TOTAL,PPS,CZ	168 	146 b	221 bd	: 
A,10-49,TOTAL,PPS,DE	282 	283 b	326 	: 
A,10-49,TOTAL,PPS,DK	626 u	768 b	437 	: 
A,10-49,TOTAL,PPS,EE	192 	152 b	240 	: 
A,10-49,TOTAL,PPS,EL	66 	125 b	156 	: 
A,10-49,TOTAL,PPS,ES	169 	331 b	380 	: 
A,10-49,TOTAL,PPS,EU27_2020	269 	337 	368 	: 
A,10-49,TOTAL,PPS,EU28	276 	329 b	352 	: 
A,10-49,TOTAL,PPS,FI	343 	338 b	403 	: 
A,10-49,TOTAL,PPS,FR	525 	512 	531 	: 
A,10-49,TOTAL,PPS,HR	: 	217 	218 	: 
A,10-49,TOTAL,PPS,HU	141 	164 b	170 	: 
A,10-49,TOTAL,PPS,IE	378 	: 	616 	: 
A,10-49,TOTAL,PPS,IT	178 	244 	319 	: 
A,10-49,TOTAL,PPS,LT	60 	80 b	125 	: 
A,10-49,TOTAL,PPS,LU	393 	551 b	580 	: 
A,10-49,TOTAL,PPS,LV	: 	51 	78 	: 
A,10-49,TOTAL,PPS,MK	: 	: 	470 	: 
A,10-49,TOTAL,PPS,MT	206 	321 b	294 	: 
A,10-49,TOTAL,PPS,NL	413 u	592 b	626 	: 
A,10-49,TOTAL,PPS,NO	323 	534 	604 	: 
A,10-49,TOTAL,PPS,PL	56 	45 b	79 	: 
A,10-49,TOTAL,PPS,PT	122 	276 b	199 	: 
A,10-49,TOTAL,PPS,RO	34 	: 	53 	: 
A,10-49,TOTAL,PPS,SE	428 	718 b	662 b	: 
A,10-49,TOTAL,PPS,SI	441 	346 b	598 	: 
A,10-49,TOTAL,PPS,SK	104 	349 b	287 	: 
A,10-49,TOTAL,PPS,UK	327 	278 b	282 	: 
A,10-49,TOTAL,PPS_EU27_2020,AT	186 	348 b	384 	349 
A,10-49,TOTAL,PPS_EU27_2020,BE	296 	523 	731 	437 
A,10-49,TOTAL,PPS_EU27_2020,BG	39 	53 b	121 	50 
A,10-49,TOTAL,PPS_EU27_2020,CY	207 	342 	257 	197 
A,10-49,TOTAL,PPS_EU27_2020,CZ	162 	144 b	211 bd	76 b
A,10-49,TOTAL,PPS_EU27_2020,DE	272 	280 b	312 	296 
A,10-49,TOTAL,PPS_EU27_2020,DK	604 u	760 b	418 	289 
A,10-49,TOTAL,PPS_EU27_2020,EE	185 	150 b	229 	236 
A,10-49,TOTAL,PPS_EU27_2020,EL	64 	124 b	149 	54 
A,10-49,TOTAL,PPS_EU27_2020,ES	163 	328 b	364 	532 
A,10-49,TOTAL,PPS_EU27_2020,EU27_2020	259 	333 	352 	342 
A,10-49,TOTAL,PPS_EU27_2020,EU28	266 	325 b	337 	: 
A,10-49,TOTAL,PPS_EU27_2020,FI	330 	334 b	385 	193 
A,10-49,TOTAL,PPS_EU27_2020,FR	506 	507 	508 	473 
A,10-49,TOTAL,PPS_EU27_2020,HR	: 	214 	208 	163 
A,10-49,TOTAL,PPS_EU27_2020,HU	135 	163 b	162 	253 b
A,10-49,TOTAL,PPS_EU27_2020,IE	364 	: 	589 	412 
A,10-49,TOTAL,PPS_EU27_2020,IT	171 	241 	305 	451 
A,10-49,TOTAL,PPS_EU27_2020,LT	58 	79 b	119 	90 
A,10-49,TOTAL,PPS_EU27_2020,LU	379 	545 b	555 	615 
A,10-49,TOTAL,PPS_EU27_2020,LV	: 	51 	74 	79 
A,10-49,TOTAL,PPS_EU27_2020,MK	: 	: 	450 	84 
A,10-49,TOTAL,PPS_EU27_2020,MT	198 	317 b	281 	169 
A,10-49,TOTAL,PPS_EU27_2020,NL	398 u	585 b	599 	561 
A,10-49,TOTAL,PPS_EU27_2020,NO	311 	528 	578 	582 
A,10-49,TOTAL,PPS_EU27_2020,PL	54 	44 b	76 	66 
A,10-49,TOTAL,PPS_EU27_2020,PT	117 	273 b	191 	125 
A,10-49,TOTAL,PPS_EU27_2020,RO	33 	: 	51 	16 
A,10-49,TOTAL,PPS_EU27_2020,RS	: 	: 	: 	131 
A,10-49,TOTAL,PPS_EU27_2020,SE	413 	710 b	634 b	548 b
A,10-49,TOTAL,PPS_EU27_2020,SI	425 	342 b	572 	319 
A,10-49,TOTAL,PPS_EU27_2020,SK	100 	345 b	274 	198 
A,10-49,TOTAL,PPS_EU27_2020,UK	315 	274 b	270 	: 
A,50-249,DIR,EUR,AT	302 	370 b	295 	209 
A,50-249,DIR,EUR,BE	174 	332 	408 	284 
A,50-249,DIR,EUR,BG	18 	30 b	47 	20 
A,50-249,DIR,EUR,CY	143 	133 	80 	153 
A,50-249,DIR,EUR,CZ	75 	96 b	109 bd	79 b
A,50-249,DIR,EUR,DE	190 	237 b	241 	181 
A,50-249,DIR,EUR,DK	851 u	321 b	324 	203 
A,50-249,DIR,EUR,EE	97 	86 b	122 	111 
A,50-249,DIR,EUR,EL	52 	36 b	69 	29 
A,50-249,DIR,EUR,ES	110 	138 b	169 	143 
A,50-249,DIR,EUR,EU27_2020	174 	206 	192 	162 
A,50-249,DIR,EUR,EU28	186 	204 b	200 	: 
A,50-249,DIR,EUR,FI	258 	252 b	279 	137 
A,50-249,DIR,EUR,FR	243 	320 	141 	158 
A,50-249,DIR,EUR,HR	: 	176 	113 	59 
A,50-249,DIR,EUR,HU	63 	72 b	52 	56 b
A,50-249,DIR,EUR,IE	552 	: 	356 	163 
A,50-249,DIR,EUR,IT	130 	123 	164 	219 
A,50-249,DIR,EUR,LT	26 	45 b	65 	52 
A,50-249,DIR,EUR,LU	386 	398 b	627 	307 
A,50-249,DIR,EUR,LV	: 	30 	48 	38 
A,50-249,DIR,EUR,MK	: 	: 	69 	33 
A,50-249,DIR,EUR,MT	128 	172 b	264 	115 
A,50-249,DIR,EUR,NL	343 u	366 b	477 	460 
A,50-249,DIR,EUR,NO	362 	419 	457 	458 
A,50-249,DIR,EUR,PL	45 	47 b	51 	32 
A,50-249,DIR,EUR,PT	82 	187 b	83 	51 
A,50-249,DIR,EUR,RO	16 	: 	20 	19 
A,50-249,DIR,EUR,RS	: 	: 	: 	34 
A,50-249,DIR,EUR,SE	450 	498 b	490 b	370 b
A,50-249,DIR,EUR,SI	194 	199 b	197 	296 
A,50-249,DIR,EUR,SK	50 	125 b	106 	108 
A,50-249,DIR,EUR,UK	264 	191 b	252 	: 
A,50-249,DIR,PPS,AT	291 	337 b	278 	: 
A,50-249,DIR,PPS,BE	166 	304 	384 	: 
A,50-249,DIR,PPS,BG	50 	67 b	102 	: 
A,50-249,DIR,PPS,CY	168 	146 	90 	: 
A,50-249,DIR,PPS,CZ	130 	136 b	173 bd	: 
A,50-249,DIR,PPS,DE	185 	225 b	233 	: 
A,50-249,DIR,PPS,DK	629 u	241 b	249 	: 
A,50-249,DIR,PPS,EE	164 	128 b	170 	: 
A,50-249,DIR,PPS,EL	63 	38 b	85 	: 
A,50-249,DIR,PPS,ES	121 	145 b	191 	: 
A,50-249,DIR,PPS,EU27_2020	180 	208 	201 	: 
A,50-249,DIR,PPS,EU28	186 	204 b	200 	: 
A,50-249,DIR,PPS,FI	224 	214 b	231 	: 
A,50-249,DIR,PPS,FR	225 	286 	131 	: 
A,50-249,DIR,PPS,HR	: 	253 	185 	: 
A,50-249,DIR,PPS,HU	101 	120 b	91 	: 
A,50-249,DIR,PPS,IE	464 	: 	330 	: 
A,50-249,DIR,PPS,IT	129 	121 	166 	: 
A,50-249,DIR,PPS,LT	50 	77 b	109 	: 
A,50-249,DIR,PPS,LU	346 	329 b	534 	: 
A,50-249,DIR,PPS,LV	: 	48 	72 	: 
A,50-249,DIR,PPS,MK	: 	: 	165 	: 
A,50-249,DIR,PPS,MT	190 	231 b	331 	: 
A,50-249,DIR,PPS,NL	325 u	328 b	443 	: 
A,50-249,DIR,PPS,NO	274 	280 	309 	: 
A,50-249,DIR,PPS,PL	83 	80 b	91 	: 
A,50-249,DIR,PPS,PT	105 	229 b	107 	: 
A,50-249,DIR,PPS,RO	36 	: 	41 	: 
A,50-249,DIR,PPS,SE	375 	403 b	389 b	: 
A,50-249,DIR,PPS,SI	270 	239 b	249 	: 
A,50-249,DIR,PPS,SK	75 	190 b	162 	: 
A,50-249,DIR,PPS,UK	217 	179 b	199 	: 
A,50-249,DIR,PPS_EU27_2020,AT	280 	333 b	266 	183 
A,50-249,DIR,PPS_EU27_2020,BE	160 	301 	367 	254 
A,50-249,DIR,PPS_EU27_2020,BG	48 	66 b	98 	37 
A,50-249,DIR,PPS_EU27_2020,CY	161 	144 	86 	167 
A,50-249,DIR,PPS_EU27_2020,CZ	125 	135 b	166 bd	109 b
A,50-249,DIR,PPS_EU27_2020,DE	179 	223 b	222 	163 
A,50-249,DIR,PPS_EU27_2020,DK	606 u	239 b	238 	153 
A,50-249,DIR,PPS_EU27_2020,EE	158 	127 b	163 	138 
A,50-249,DIR,PPS_EU27_2020,EL	60 	38 b	81 	35 
A,50-249,DIR,PPS_EU27_2020,ES	117 	144 b	183 	152 
A,50-249,DIR,PPS_EU27_2020,EU27_2020	174 	206 	192 	162 
A,50-249,DIR,PPS_EU27_2020,EU28	180 	202 b	191 	: 
A,50-249,DIR,PPS_EU27_2020,FI	215 	212 b	221 	108 
A,50-249,DIR,PPS_EU27_2020,FR	217 	283 	126 	145 
A,50-249,DIR,PPS_EU27_2020,HR	: 	250 	177 	91 
A,50-249,DIR,PPS_EU27_2020,HU	97 	118 b	87 	88 b
A,50-249,DIR,PPS_EU27_2020,IE	447 	: 	316 	136 
A,50-249,DIR,PPS_EU27_2020,IT	124 	120 	159 	221 
A,50-249,DIR,PPS_EU27_2020,LT	48 	76 b	105 	77 
A,50-249,DIR,PPS_EU27_2020,LU	334 	325 b	511 	237 
A,50-249,DIR,PPS_EU27_2020,LV	: 	47 	69 	52 
A,50-249,DIR,PPS_EU27_2020,MK	: 	: 	158 	71 
A,50-249,DIR,PPS_EU27_2020,MT	183 	228 b	316 	131 
A,50-249,DIR,PPS_EU27_2020,NL	313 u	324 b	424 	397 
A,50-249,DIR,PPS_EU27_2020,NO	264 	277 	296 	324 
A,50-249,DIR,PPS_EU27_2020,PL	80 	79 b	87 	54 
A,50-249,DIR,PPS_EU27_2020,PT	101 	227 b	102 	60 
A,50-249,DIR,PPS_EU27_2020,RO	35 	: 	39 	36 
A,50-249,DIR,PPS_EU27_2020,RS	: 	: 	: 	64 
A,50-249,DIR,PPS_EU27_2020,SE	361 	399 b	372 b	296 b
A,50-249,DIR,PPS_EU27_2020,SI	260 	237 b	238 	352 
A,50-249,DIR,PPS_EU27_2020,SK	72 	188 b	155 	134 
A,50-249,DIR,PPS_EU27_2020,UK	209 	177 b	190 	: 
A,50-249,LCP,EUR,AT	219 	393 	346 	300 
A,50-249,LCP,EUR,BE	351 	688 	984 	415 
A,50-249,LCP,EUR,BG	9 	18 	49 	40 
A,50-249,LCP,EUR,CY	92 	132 	122 	85 
A,50-249,LCP,EUR,CZ	92 	77 	126 bd	113 b
A,50-249,LCP,EUR,DE	205 	233 	195 	213 
A,50-249,LCP,EUR,DK	559 	661 	541 	521 
A,50-249,LCP,EUR,EE	52 	70 	174 	222 
A,50-249,LCP,EUR,EL	69 	32 	57 	51 
A,50-249,LCP,EUR,ES	127 	199 	275 	113 
A,50-249,LCP,EUR,EU27_2020	174 	222 	235 	225 
A,50-249,LCP,EUR,EU28	164 	213 	220 	: 
A,50-249,LCP,EUR,FI	225 	227 	235 	193 
A,50-249,LCP,EUR,FR	283 	275 	366 	340 
A,50-249,LCP,EUR,HR	: 	76 	156 	89 
A,50-249,LCP,EUR,HU	40 	30 	22 	28 b
A,50-249,LCP,EUR,IE	245 	: 	416 	665 
A,50-249,LCP,EUR,IT	160 	200 	255 	335 
A,50-249,LCP,EUR,LT	19 	48 	38 	75 
A,50-249,LCP,EUR,LU	315 	509 	633 	602 
A,50-249,LCP,EUR,LV	: 	26 	50 	46 
A,50-249,LCP,EUR,MK	: 	: 	19 	14 
A,50-249,LCP,EUR,MT	66 	88 	170 	110 
A,50-249,LCP,EUR,NL	282 	360 	347 	372 
A,50-249,LCP,EUR,NO	357 	821 	477 	531 
A,50-249,LCP,EUR,PL	33 	37 	37 	38 
A,50-249,LCP,EUR,PT	108 	278 	146 	151 
A,50-249,LCP,EUR,RO	8 	: 	33 	36 
A,50-249,LCP,EUR,RS	: 	: 	: 	39 
A,50-249,LCP,EUR,SE	386 	357 	432 b	402 b
A,50-249,LCP,EUR,SI	156 	299 	440 	212 
A,50-249,LCP,EUR,SK	42 	130 	105 	121 
A,50-249,LCP,EUR,UK	105 	134 	121 	: 
A,50-249,LCP,PPS,AT	211 	357 	326 	: 
A,50-249,LCP,PPS,BE	334 	629 	924 	: 
A,50-249,LCP,PPS,BG	25 	40 	105 	: 
A,50-249,LCP,PPS,CY	108 	144 	138 	: 
A,50-249,LCP,PPS,CZ	160 	108 	199 bd	: 
A,50-249,LCP,PPS,DE	200 	221 	188 	: 
A,50-249,LCP,PPS,DK	413 	496 	415 	: 
A,50-249,LCP,PPS,EE	87 	105 	243 	: 
A,50-249,LCP,PPS,EL	82 	34 	70 	: 
A,50-249,LCP,PPS,ES	140 	209 	311 	: 
A,50-249,LCP,PPS,EU27_2020	181 	225 	246 	: 
A,50-249,LCP,PPS,EU28	164 	213 	220 	: 
A,50-249,LCP,PPS,FI	195 	193 	195 	: 
A,50-249,LCP,PPS,FR	263 	246 	340 	: 
A,50-249,LCP,PPS,HR	: 	109 	255 	: 
A,50-249,LCP,PPS,HU	65 	50 	39 	: 
A,50-249,LCP,PPS,IE	206 	: 	386 	: 
A,50-249,LCP,PPS,IT	159 	198 	260 	: 
A,50-249,LCP,PPS,LT	37 	82 	64 	: 
A,50-249,LCP,PPS,LU	283 	421 	540 	: 
A,50-249,LCP,PPS,LV	: 	42 	76 	: 
A,50-249,LCP,PPS,MK	: 	: 	44 	: 
A,50-249,LCP,PPS,MT	98 	117 	212 	: 
A,50-249,LCP,PPS,NL	267 	322 	322 	: 
A,50-249,LCP,PPS,NO	270 	549 	323 	: 
A,50-249,LCP,PPS,PL	60 	62 	65 	: 
A,50-249,LCP,PPS,PT	138 	341 	188 	: 
A,50-249,LCP,PPS,RO	18 	: 	66 	: 
A,50-249,LCP,PPS,SE	322 	289 	343 b	: 
A,50-249,LCP,PPS,SI	218 	359 	555 	: 
A,50-249,LCP,PPS,SK	63 	199 	160 	: 
A,50-249,LCP,PPS,UK	86 	126 	95 	: 
A,50-249,LCP,PPS_EU27_2020,AT	203 	354 	311 	262 
A,50-249,LCP,PPS_EU27_2020,BE	322 	622 	884 	372 
A,50-249,LCP,PPS_EU27_2020,BG	24 	40 	101 	74 
A,50-249,LCP,PPS_EU27_2020,CY	104 	142 	132 	93 
A,50-249,LCP,PPS_EU27_2020,CZ	154 	107 	190 bd	156 b
A,50-249,LCP,PPS_EU27_2020,DE	193 	219 	180 	193 
A,50-249,LCP,PPS_EU27_2020,DK	398 	491 	397 	392 
A,50-249,LCP,PPS_EU27_2020,EE	84 	104 	233 	277 
A,50-249,LCP,PPS_EU27_2020,EL	79 	34 	67 	61 
A,50-249,LCP,PPS_EU27_2020,ES	135 	207 	297 	120 
A,50-249,LCP,PPS_EU27_2020,EU27_2020	174 	222 	235 	225 
A,50-249,LCP,PPS_EU27_2020,EU28	158 	210 	211 	: 
A,50-249,LCP,PPS_EU27_2020,FI	188 	191 	187 	152 
A,50-249,LCP,PPS_EU27_2020,FR	253 	244 	326 	312 
A,50-249,LCP,PPS_EU27_2020,HR	: 	108 	244 	139 
A,50-249,LCP,PPS_EU27_2020,HU	62 	50 	38 	45 b
A,50-249,LCP,PPS_EU27_2020,IE	198 	: 	369 	555 
A,50-249,LCP,PPS_EU27_2020,IT	154 	196 	248 	337 
A,50-249,LCP,PPS_EU27_2020,LT	36 	81 	61 	110 
A,50-249,LCP,PPS_EU27_2020,LU	273 	416 	517 	466 
A,50-249,LCP,PPS_EU27_2020,LV	: 	41 	72 	62 
A,50-249,LCP,PPS_EU27_2020,MK	: 	: 	43 	31 
A,50-249,LCP,PPS_EU27_2020,MT	94 	116 	203 	125 
A,50-249,LCP,PPS_EU27_2020,NL	257 	319 	308 	321 
A,50-249,LCP,PPS_EU27_2020,NO	260 	543 	309 	376 
A,50-249,LCP,PPS_EU27_2020,PL	58 	61 	62 	63 
A,50-249,LCP,PPS_EU27_2020,PT	133 	338 	180 	177 
A,50-249,LCP,PPS_EU27_2020,RO	17 	: 	63 	69 
A,50-249,LCP,PPS_EU27_2020,RS	: 	: 	: 	74 
A,50-249,LCP,PPS_EU27_2020,SE	310 	286 	328 b	322 b
A,50-249,LCP,PPS_EU27_2020,SI	210 	355 	531 	253 
A,50-249,LCP,PPS_EU27_2020,SK	61 	196 	153 	150 
A,50-249,LCP,PPS_EU27_2020,UK	83 	124 	91 	: 
A,50-249,NET,EUR,AT	-35 	-21 b	-1 	18 
A,50-249,NET,EUR,BE	35 	33 	50 	2 
A,50-249,NET,EUR,BG	0 	0 b	-1 	0 
A,50-249,NET,EUR,CY	64 	72 	65 	-2 
A,50-249,NET,EUR,CZ	-1 	-17 b	-20 bd	-47 b
A,50-249,NET,EUR,DE	1 	0 b	-1 	-2 
A,50-249,NET,EUR,DK	9 u	7 b	33 	16 
A,50-249,NET,EUR,EE	-5 	-8 b	-2 	-1 
A,50-249,NET,EUR,EL	-10 	62 b	67 	0 
A,50-249,NET,EUR,ES	43 	116 b	103 	-20 
A,50-249,NET,EUR,EU27_2020	41 	50 	58 	48 
A,50-249,NET,EUR,EU28	42 	44 b	52 	: 
A,50-249,NET,EUR,FI	1 	0 b	-24 	-8 
A,50-249,NET,EUR,FR	274 	272 	359 	316 
A,50-249,NET,EUR,HR	: 	-15 	-3 	-7 
A,50-249,NET,EUR,HU	25 	83 b	78 	156 b
A,50-249,NET,EUR,IE	2 	: 	10 	30 
A,50-249,NET,EUR,IT	62 	48 	59 	64 
A,50-249,NET,EUR,LT	0 	-15 b	-2 	-7 
A,50-249,NET,EUR,LU	-7 	-52 b	-89 	-49 
A,50-249,NET,EUR,LV	: 	-1 	-1 	0 
A,50-249,NET,EUR,MK	: 	: 	2 	0 
A,50-249,NET,EUR,MT	0 	4 b	18 	1 
A,50-249,NET,EUR,NL	-147 u	22 b	16 	13 
A,50-249,NET,EUR,NO	4 	-4 	-29 	-33 
A,50-249,NET,EUR,PL	0 	-9 b	-1 	0 
A,50-249,NET,EUR,PT	-8 	-33 b	1 	-1 
A,50-249,NET,EUR,RO	0 	: 	0 	0 
A,50-249,NET,EUR,RS	: 	: 	: 	-1 
A,50-249,NET,EUR,SE	-17 	-17 b	-2 b	-19 b
A,50-249,NET,EUR,SI	-4 	-35 b	-5 	-11 
A,50-249,NET,EUR,SK	1 	-18 b	0 	-8 
A,50-249,NET,EUR,UK	45 	-11 b	10 	: 
A,50-249,NET,PPS,AT	-34 	-19 b	-1 	: 
A,50-249,NET,PPS,BE	33 	30 	47 	: 
A,50-249,NET,PPS,BG	0 	1 b	-3 	: 
A,50-249,NET,PPS,CY	75 	79 	74 	: 
A,50-249,NET,PPS,CZ	-1 	-24 b	-32 bd	: 
A,50-249,NET,PPS,DE	1 	0 b	-1 	: 
A,50-249,NET,PPS,DK	7 u	5 b	25 	: 
A,50-249,NET,PPS,EE	-9 	-11 b	-3 	: 
A,50-249,NET,PPS,EL	-12 	65 b	83 	: 
A,50-249,NET,PPS,ES	48 	122 b	117 	: 
A,50-249,NET,PPS,EU27_2020	43 	51 	60 	: 
A,50-249,NET,PPS,EU28	42 	44 b	52 	: 
A,50-249,NET,PPS,FI	1 	0 b	-20 	: 
A,50-249,NET,PPS,FR	254 	244 	334 	: 
A,50-249,NET,PPS,HR	: 	-22 	-5 	: 
A,50-249,NET,PPS,HU	41 	139 b	136 	: 
A,50-249,NET,PPS,IE	2 	: 	9 	: 
A,50-249,NET,PPS,IT	62 	47 	60 	: 
A,50-249,NET,PPS,LT	0 	-25 b	-4 	: 
A,50-249,NET,PPS,LU	-6 	-43 b	-76 	: 
A,50-249,NET,PPS,LV	: 	-2 	-2 	: 
A,50-249,NET,PPS,MK	: 	: 	4 	: 
A,50-249,NET,PPS,MT	0 	6 b	22 	: 
A,50-249,NET,PPS,NL	-139 u	19 b	15 	: 
A,50-249,NET,PPS,NO	3 	-3 	-19 	: 
A,50-249,NET,PPS,PL	0 	-15 b	-3 	: 
A,50-249,NET,PPS,PT	-10 	-41 b	1 	: 
A,50-249,NET,PPS,RO	0 	: 	0 	: 
A,50-249,NET,PPS,SE	-14 	-14 b	-1 b	: 
A,50-249,NET,PPS,SI	-6 	-41 b	-7 	: 
A,50-249,NET,PPS,SK	1 	-27 b	0 	: 
A,50-249,NET,PPS,UK	37 	-10 b	8 	: 
A,50-249,NET,PPS_EU27_2020,AT	-33 	-19 b	-1 	16 
A,50-249,NET,PPS_EU27_2020,BE	32 	30 	45 	2 
A,50-249,NET,PPS_EU27_2020,BG	0 	1 b	-3 	0 
A,50-249,NET,PPS_EU27_2020,CY	72 	78 	71 	-2 
A,50-249,NET,PPS_EU27_2020,CZ	-1 	-24 b	-31 bd	-66 b
A,50-249,NET,PPS_EU27_2020,DE	1 	0 b	-1 	-2 
A,50-249,NET,PPS_EU27_2020,DK	7 u	5 b	24 	12 
A,50-249,NET,PPS_EU27_2020,EE	-8 	-11 b	-3 	-1 
A,50-249,NET,PPS_EU27_2020,EL	-12 	65 b	79 	0 
A,50-249,NET,PPS_EU27_2020,ES	46 	121 b	112 	-22 
A,50-249,NET,PPS_EU27_2020,EU27_2020	41 	50 	58 	48 
A,50-249,NET,PPS_EU27_2020,EU28	40 	43 b	49 	: 
A,50-249,NET,PPS_EU27_2020,FI	1 	0 b	-19 	-6 
A,50-249,NET,PPS_EU27_2020,FR	245 	241 	320 	290 
A,50-249,NET,PPS_EU27_2020,HR	: 	-22 	-5 	-10 
A,50-249,NET,PPS_EU27_2020,HU	39 	137 b	130 	246 b
A,50-249,NET,PPS_EU27_2020,IE	2 	: 	9 	25 
A,50-249,NET,PPS_EU27_2020,IT	60 	47 	57 	65 
A,50-249,NET,PPS_EU27_2020,LT	0 	-25 b	-4 	-10 
A,50-249,NET,PPS_EU27_2020,LU	-6 	-42 b	-73 	-38 
A,50-249,NET,PPS_EU27_2020,LV	: 	-2 	-2 	0 
A,50-249,NET,PPS_EU27_2020,MK	: 	: 	4 	0 
A,50-249,NET,PPS_EU27_2020,MT	0 	6 b	21 	1 
A,50-249,NET,PPS_EU27_2020,NL	-134 u	19 b	14 	12 
A,50-249,NET,PPS_EU27_2020,NO	3 	-3 	-19 	-23 
A,50-249,NET,PPS_EU27_2020,PL	0 	-15 b	-2 	0 
A,50-249,NET,PPS_EU27_2020,PT	-10 	-41 b	1 	-1 
A,50-249,NET,PPS_EU27_2020,RO	0 	: 	0 	0 
A,50-249,NET,PPS_EU27_2020,RS	: 	: 	: 	-1 
A,50-249,NET,PPS_EU27_2020,SE	-13 	-14 b	-1 b	-15 b
A,50-249,NET,PPS_EU27_2020,SI	-5 	-41 b	-7 	-13 
A,50-249,NET,PPS_EU27_2020,SK	1 	-27 b	0 	-10 
A,50-249,NET,PPS_EU27_2020,UK	36 	-10 b	7 	: 
A,50-249,TOTAL,EUR,AT	485 	743 b	640 	527 
A,50-249,TOTAL,EUR,BE	560 	1054 	1442 	701 
A,50-249,TOTAL,EUR,BG	27 	49 b	94 	60 
A,50-249,TOTAL,EUR,CY	298 	337 	267 	236 
A,50-249,TOTAL,EUR,CZ	167 	156 b	215 bd	144 b
A,50-249,TOTAL,EUR,DE	397 	470 b	435 	392 
A,50-249,TOTAL,EUR,DK	1419 u	989 b	898 	741 
A,50-249,TOTAL,EUR,EE	143 	149 b	294 	332 
A,50-249,TOTAL,EUR,EL	111 	130 b	193 	79 
A,50-249,TOTAL,EUR,ES	280 	453 b	547 	235 
A,50-249,TOTAL,EUR,EU27_2020	389 	478 	485 	435 
A,50-249,TOTAL,EUR,EU28	393 	460 b	472 	: 
A,50-249,TOTAL,EUR,FI	484 	479 b	490 	322 
A,50-249,TOTAL,EUR,FR	800 	867 	867 	813 
A,50-249,TOTAL,EUR,HR	: 	236 	267 	142 
A,50-249,TOTAL,EUR,HU	128 	185 b	152 	240 b
A,50-249,TOTAL,EUR,IE	799 	: 	781 	857 
A,50-249,TOTAL,EUR,IT	352 	370 	478 	618 
A,50-249,TOTAL,EUR,LT	45 	79 b	101 	120 
A,50-249,TOTAL,EUR,LU	694 	855 b	1171 	861 
A,50-249,TOTAL,EUR,LV	: 	56 	96 	84 
A,50-249,TOTAL,EUR,MK	: 	: 	90 	47 
A,50-249,TOTAL,EUR,MT	193 	265 b	451 	226 
A,50-249,TOTAL,EUR,NL	479 u	747 b	840 	846 
A,50-249,TOTAL,EUR,NO	723 	1235 	905 	956 
A,50-249,TOTAL,EUR,PL	78 	75 b	86 	71 
A,50-249,TOTAL,EUR,PT	182 	431 b	230 	201 
A,50-249,TOTAL,EUR,RO	25 	: 	53 	56 
A,50-249,TOTAL,EUR,RS	: 	: 	: 	73 
A,50-249,TOTAL,EUR,SE	820 	838 b	920 b	753 b
A,50-249,TOTAL,EUR,SI	346 	464 b	632 	498 
A,50-249,TOTAL,EUR,SK	93 	237 b	211 	220 
A,50-249,TOTAL,EUR,UK	415 	314 b	383 	: 
A,50-249,TOTAL,PPS,AT	468 	675 b	602 	: 
A,50-249,TOTAL,PPS,BE	534 	964 	1355 	: 
A,50-249,TOTAL,PPS,BG	76 	108 b	204 	: 
A,50-249,TOTAL,PPS,CY	350 	369 	302 	: 
A,50-249,TOTAL,PPS,CZ	289 	221 b	340 bd	: 
A,50-249,TOTAL,PPS,DE	386 	447 b	420 	: 
A,50-249,TOTAL,PPS,DK	1049 u	742 b	689 	: 
A,50-249,TOTAL,PPS,EE	242 	222 b	411 	: 
A,50-249,TOTAL,PPS,EL	133 	137 b	238 	: 
A,50-249,TOTAL,PPS,ES	309 	476 b	619 	: 
A,50-249,TOTAL,PPS,EU27_2020	404 	484 	507 	: 
A,50-249,TOTAL,PPS,EU28	393 	460 b	472 	: 
A,50-249,TOTAL,PPS,FI	420 	407 b	406 	: 
A,50-249,TOTAL,PPS,FR	742 	777 	806 	: 
A,50-249,TOTAL,PPS,HR	: 	340 	435 	: 
A,50-249,TOTAL,PPS,HU	207 	309 b	266 	: 
A,50-249,TOTAL,PPS,IE	671 	: 	725 	: 
A,50-249,TOTAL,PPS,IT	350 	367 	486 	: 
A,50-249,TOTAL,PPS,LT	87 	134 b	170 	: 
A,50-249,TOTAL,PPS,LU	623 	707 b	998 	: 
A,50-249,TOTAL,PPS,LV	: 	87 	145 	: 
A,50-249,TOTAL,PPS,MK	: 	: 	214 	: 
A,50-249,TOTAL,PPS,MT	287 	354 b	565 	: 
A,50-249,TOTAL,PPS,NL	453 u	669 b	779 	: 
A,50-249,TOTAL,PPS,NO	546 	827 	613 	: 
A,50-249,TOTAL,PPS,PL	143 	127 b	154 	: 
A,50-249,TOTAL,PPS,PT	233 	530 b	296 	: 
A,50-249,TOTAL,PPS,RO	54 	: 	107 	: 
A,50-249,TOTAL,PPS,SE	683 	678 b	730 b	: 
A,50-249,TOTAL,PPS,SI	482 	556 b	798 	: 
A,50-249,TOTAL,PPS,SK	140 	362 b	322 	: 
A,50-249,TOTAL,PPS,UK	340 	294 b	302 	: 
A,50-249,TOTAL,PPS_EU27_2020,AT	451 	667 b	576 	461 
A,50-249,TOTAL,PPS_EU27_2020,BE	514 	953 	1296 	628 
A,50-249,TOTAL,PPS_EU27_2020,BG	73 	107 b	195 	111 
A,50-249,TOTAL,PPS_EU27_2020,CY	337 	365 	289 	257 
A,50-249,TOTAL,PPS_EU27_2020,CZ	279 	219 b	325 bd	199 b
A,50-249,TOTAL,PPS_EU27_2020,DE	372 	442 b	402 	355 
A,50-249,TOTAL,PPS_EU27_2020,DK	1011 u	734 b	659 	556 
A,50-249,TOTAL,PPS_EU27_2020,EE	233 	220 b	393 	414 
A,50-249,TOTAL,PPS_EU27_2020,EL	128 	136 b	228 	96 
A,50-249,TOTAL,PPS_EU27_2020,ES	298 	471 b	592 	251 
A,50-249,TOTAL,PPS_EU27_2020,EU27_2020	389 	478 	485 	435 
A,50-249,TOTAL,PPS_EU27_2020,EU28	378 	455 b	451 	: 
A,50-249,TOTAL,PPS_EU27_2020,FI	405 	403 b	388 	255 
A,50-249,TOTAL,PPS_EU27_2020,FR	715 	768 	771 	747 
A,50-249,TOTAL,PPS_EU27_2020,HR	: 	336 	416 	220 
A,50-249,TOTAL,PPS_EU27_2020,HU	199 	305 b	255 	379 b
A,50-249,TOTAL,PPS_EU27_2020,IE	647 	: 	694 	715 
A,50-249,TOTAL,PPS_EU27_2020,IT	337 	363 	465 	622 
A,50-249,TOTAL,PPS_EU27_2020,LT	84 	133 b	162 	177 
A,50-249,TOTAL,PPS_EU27_2020,LU	600 	699 b	955 	665 
A,50-249,TOTAL,PPS_EU27_2020,LV	: 	86 	139 	114 
A,50-249,TOTAL,PPS_EU27_2020,MK	: 	: 	204 	102 
A,50-249,TOTAL,PPS_EU27_2020,MT	277 	350 b	541 	258 
A,50-249,TOTAL,PPS_EU27_2020,NL	437 u	662 b	746 	730 
A,50-249,TOTAL,PPS_EU27_2020,NO	526 	818 	586 	677 
A,50-249,TOTAL,PPS_EU27_2020,PL	137 	126 b	147 	117 
A,50-249,TOTAL,PPS_EU27_2020,PT	224 	524 b	283 	236 
A,50-249,TOTAL,PPS_EU27_2020,RO	52 	: 	102 	105 
A,50-249,TOTAL,PPS_EU27_2020,RS	: 	: 	: 	137 
A,50-249,TOTAL,PPS_EU27_2020,SE	658 	671 b	698 b	603 b
A,50-249,TOTAL,PPS_EU27_2020,SI	465 	550 b	763 	592 
A,50-249,TOTAL,PPS_EU27_2020,SK	135 	358 b	308 	274 
A,50-249,TOTAL,PPS_EU27_2020,UK	328 	291 b	289 	: 
A,GE250,DIR,EUR,AT	461 	505 b	296 	199 
A,GE250,DIR,EUR,BE	374 	615 	643 	359 
A,GE250,DIR,EUR,BG	23 	40 b	61 	39 
A,GE250,DIR,EUR,CY	179 	256 	136 	135 
A,GE250,DIR,EUR,CZ	115 	126 b	134 bd	109 b
A,GE250,DIR,EUR,DE	305 	386 b	461 	498 
A,GE250,DIR,EUR,DK	606 u	374 b	1137 	192 
A,GE250,DIR,EUR,EE	78 	73 b	159 	88 
A,GE250,DIR,EUR,EL	122 	145 b	119 	72 
A,GE250,DIR,EUR,ES	204 	235 b	237 	125 
A,GE250,DIR,EUR,EU27_2020	299 	357 	351 	324 
A,GE250,DIR,EUR,EU28	287 	318 b	312 	: 
A,GE250,DIR,EUR,FI	294 	364 b	322 	170 
A,GE250,DIR,EUR,FR	461 	577 	439 	455 
A,GE250,DIR,EUR,HR	: 	87 	129 	125 
A,GE250,DIR,EUR,HU	133 	166 b	120 	108 b
A,GE250,DIR,EUR,IE	658 	: 	477 	292 
A,GE250,DIR,EUR,IT	231 	185 	216 	241 
A,GE250,DIR,EUR,LT	60 	54 b	82 	62 
A,GE250,DIR,EUR,LU	616 	453 b	655 	356 
A,GE250,DIR,EUR,LV	: 	55 	63 	61 
A,GE250,DIR,EUR,MK	: 	: 	45 	37 
A,GE250,DIR,EUR,MT	285 	285 b	221 	208 
A,GE250,DIR,EUR,NL	630 u	582 b	528 	627 
A,GE250,DIR,EUR,NO	322 	376 	691 	793 
A,GE250,DIR,EUR,PL	81 	103 b	109 	59 
A,GE250,DIR,EUR,PT	145 	241 b	150 	68 
A,GE250,DIR,EUR,RO	44 	: 	44 	32 
A,GE250,DIR,EUR,RS	: 	: 	: 	28 
A,GE250,DIR,EUR,SE	419 	434 b	401 b	397 b
A,GE250,DIR,EUR,SI	251 	232 b	209 	146 
A,GE250,DIR,EUR,SK	113 	138 b	132 	137 
A,GE250,DIR,EUR,UK	236 	146 b	162 	: 
A,GE250,DIR,PPS,AT	445 	459 b	279 	: 
A,GE250,DIR,PPS,BE	356 	562 	604 	: 
A,GE250,DIR,PPS,BG	65 	88 b	133 	: 
A,GE250,DIR,PPS,CY	210 	280 	154 	: 
A,GE250,DIR,PPS,CZ	200 	178 b	212 bd	: 
A,GE250,DIR,PPS,DE	297 	367 b	445 	: 
A,GE250,DIR,PPS,DK	448 u	281 b	872 	: 
A,GE250,DIR,PPS,EE	131 	109 b	222 	: 
A,GE250,DIR,PPS,EL	147 	154 b	147 	: 
A,GE250,DIR,PPS,ES	225 	247 b	268 	: 
A,GE250,DIR,PPS,EU27_2020	311 	361 	367 	: 
A,GE250,DIR,PPS,EU28	287 	318 b	312 	: 
A,GE250,DIR,PPS,FI	255 	309 b	266 	: 
A,GE250,DIR,PPS,FR	427 	516 	408 	: 
A,GE250,DIR,PPS,HR	: 	125 	211 	: 
A,GE250,DIR,PPS,HU	214 	276 b	211 	: 
A,GE250,DIR,PPS,IE	553 	: 	443 	: 
A,GE250,DIR,PPS,IT	230 	183 	220 	: 
A,GE250,DIR,PPS,LT	117 	91 b	139 	: 
A,GE250,DIR,PPS,LU	553 	374 b	559 	: 
A,GE250,DIR,PPS,LV	: 	86 	96 	: 
A,GE250,DIR,PPS,MK	: 	: 	108 	: 
A,GE250,DIR,PPS,MT	423 	381 b	277 	: 
A,GE250,DIR,PPS,NL	596 u	521 b	490 	: 
A,GE250,DIR,PPS,NO	243 	252 	468 	: 
A,GE250,DIR,PPS,PL	149 	174 b	195 	: 
A,GE250,DIR,PPS,PT	185 	296 b	192 	: 
A,GE250,DIR,PPS,RO	96 	: 	88 	: 
A,GE250,DIR,PPS,SE	349 	351 b	318 b	: 
A,GE250,DIR,PPS,SI	349 	278 b	264 	: 
A,GE250,DIR,PPS,SK	170 	211 b	201 	: 
A,GE250,DIR,PPS,UK	194 	137 b	128 	: 
A,GE250,DIR,PPS_EU27_2020,AT	428 	454 b	267 	174 
A,GE250,DIR,PPS_EU27_2020,BE	343 	556 	577 	322 
A,GE250,DIR,PPS_EU27_2020,BG	63 	87 b	127 	72 
A,GE250,DIR,PPS_EU27_2020,CY	203 	277 	147 	147 
A,GE250,DIR,PPS_EU27_2020,CZ	193 	176 b	203 bd	151 b
A,GE250,DIR,PPS_EU27_2020,DE	287 	363 b	426 	450 
A,GE250,DIR,PPS_EU27_2020,DK	431 u	278 b	835 	144 
A,GE250,DIR,PPS_EU27_2020,EE	127 	108 b	213 	110 
A,GE250,DIR,PPS_EU27_2020,EL	141 	152 b	141 	87 
A,GE250,DIR,PPS_EU27_2020,ES	217 	245 b	256 	133 
A,GE250,DIR,PPS_EU27_2020,EU27_2020	299 	357 	351 	324 
A,GE250,DIR,PPS_EU27_2020,EU28	277 	314 b	299 	: 
A,GE250,DIR,PPS_EU27_2020,FI	245 	306 b	255 	135 
A,GE250,DIR,PPS_EU27_2020,FR	412 	511 	390 	418 
A,GE250,DIR,PPS_EU27_2020,HR	: 	124 	201 	194 
A,GE250,DIR,PPS_EU27_2020,HU	206 	273 b	202 	171 b
A,GE250,DIR,PPS_EU27_2020,IE	533 	: 	424 	244 
A,GE250,DIR,PPS_EU27_2020,IT	221 	181 	210 	242 
A,GE250,DIR,PPS_EU27_2020,LT	113 	90 b	133 	90 
A,GE250,DIR,PPS_EU27_2020,LU	533 	370 b	534 	276 
A,GE250,DIR,PPS_EU27_2020,LV	: 	85 	92 	83 
A,GE250,DIR,PPS_EU27_2020,MK	: 	: 	103 	81 
A,GE250,DIR,PPS_EU27_2020,MT	407 	377 b	265 	237 
A,GE250,DIR,PPS_EU27_2020,NL	575 u	515 b	469 	542 
A,GE250,DIR,PPS_EU27_2020,NO	234 	249 	447 	561 
A,GE250,DIR,PPS_EU27_2020,PL	144 	173 b	187 	98 
A,GE250,DIR,PPS_EU27_2020,PT	178 	293 b	184 	80 
A,GE250,DIR,PPS_EU27_2020,RO	92 	: 	84 	60 
A,GE250,DIR,PPS_EU27_2020,RS	: 	: 	: 	53 
A,GE250,DIR,PPS_EU27_2020,SE	336 	348 b	304 b	318 b
A,GE250,DIR,PPS_EU27_2020,SI	336 	275 b	253 	174 
A,GE250,DIR,PPS_EU27_2020,SK	164 	208 b	192 	171 
A,GE250,DIR,PPS_EU27_2020,UK	187 	135 b	122 	: 
A,GE250,LCP,EUR,AT	361 	371 	446 	310 
A,GE250,LCP,EUR,BE	680 	995 	1017 	619 
A,GE250,LCP,EUR,BG	17 	37 	69 	83 
A,GE250,LCP,EUR,CY	195 	380 	220 	463 
A,GE250,LCP,EUR,CZ	143 	131 	171 bd	179 b
A,GE250,LCP,EUR,DE	334 	382 	430 	680 
A,GE250,LCP,EUR,DK	483 	516 	1068 	388 
A,GE250,LCP,EUR,EE	50 	139 	255 	237 
A,GE250,LCP,EUR,EL	107 	151 	240 	94 
A,GE250,LCP,EUR,ES	299 	370 	452 	367 
A,GE250,LCP,EUR,EU27_2020	338 	391 	451 	473 
A,GE250,LCP,EUR,EU28	291 	335 	373 	: 
A,GE250,LCP,EUR,FI	301 	336 	342 	240 
A,GE250,LCP,EUR,FR	500 	515 	748 	506 
A,GE250,LCP,EUR,HR	: 	92 	150 	95 
A,GE250,LCP,EUR,HU	97 	118 	100 	108 b
A,GE250,LCP,EUR,IE	401 	: 	714 	1262 
A,GE250,LCP,EUR,IT	423 	528 	526 	582 
A,GE250,LCP,EUR,LT	43 	47 	61 	96 
A,GE250,LCP,EUR,LU	853 	934 	973 	905 
A,GE250,LCP,EUR,LV	: 	78 	97 	73 
A,GE250,LCP,EUR,MK	: 	: 	70 	43 
A,GE250,LCP,EUR,MT	214 	306 	306 	181 
A,GE250,LCP,EUR,NL	473 	483 	468 	640 
A,GE250,LCP,EUR,NO	379 	569 	585 	658 
A,GE250,LCP,EUR,PL	77 	117 	151 	107 
A,GE250,LCP,EUR,PT	199 	382 	253 	227 
A,GE250,LCP,EUR,RO	30 	: 	90 	107 
A,GE250,LCP,EUR,RS	: 	: 	: 	55 
A,GE250,LCP,EUR,SE	737 	361 	505 b	508 b
A,GE250,LCP,EUR,SI	257 	281 	668 	301 
A,GE250,LCP,EUR,SK	118 	173 	185 	168 
A,GE250,LCP,EUR,UK	88 	90 	67 	: 
A,GE250,LCP,PPS,AT	348 	337 	420 	: 
A,GE250,LCP,PPS,BE	648 	910 	955 	: 
A,GE250,LCP,PPS,BG	49 	82 	149 	: 
A,GE250,LCP,PPS,CY	229 	415 	250 	: 
A,GE250,LCP,PPS,CZ	249 	185 	270 bd	: 
A,GE250,LCP,PPS,DE	325 	363 	415 	: 
A,GE250,LCP,PPS,DK	357 	388 	820 	: 
A,GE250,LCP,PPS,EE	84 	208 	357 	: 
A,GE250,LCP,PPS,EL	129 	160 	296 	: 
A,GE250,LCP,PPS,ES	331 	389 	511 	: 
A,GE250,LCP,PPS,EU27_2020	351 	395 	472 	: 
A,GE250,LCP,PPS,EU28	291 	335 	373 	: 
A,GE250,LCP,PPS,FI	261 	285 	284 	: 
A,GE250,LCP,PPS,FR	463 	461 	695 	: 
A,GE250,LCP,PPS,HR	: 	132 	245 	: 
A,GE250,LCP,PPS,HU	157 	197 	176 	: 
A,GE250,LCP,PPS,IE	337 	: 	663 	: 
A,GE250,LCP,PPS,IT	421 	523 	535 	: 
A,GE250,LCP,PPS,LT	85 	81 	102 	: 
A,GE250,LCP,PPS,LU	766 	772 	830 	: 
A,GE250,LCP,PPS,LV	: 	123 	146 	: 
A,GE250,LCP,PPS,MK	: 	: 	166 	: 
A,GE250,LCP,PPS,MT	317 	410 	384 	: 
A,GE250,LCP,PPS,NL	448 	433 	434 	: 
A,GE250,LCP,PPS,NO	287 	381 	396 	: 
A,GE250,LCP,PPS,PL	140 	199 	269 	: 
A,GE250,LCP,PPS,PT	254 	470 	326 	: 
A,GE250,LCP,PPS,RO	66 	: 	181 	: 
A,GE250,LCP,PPS,SE	614 	292 	401 b	: 
A,GE250,LCP,PPS,SI	358 	338 	843 	: 
A,GE250,LCP,PPS,SK	178 	263 	283 	: 
A,GE250,LCP,PPS,UK	73 	84 	53 	: 
A,GE250,LCP,PPS_EU27_2020,AT	335 	334 	402 	272 
A,GE250,LCP,PPS_EU27_2020,BE	625 	900 	914 	555 
A,GE250,LCP,PPS_EU27_2020,BG	47 	81 	142 	155 
A,GE250,LCP,PPS_EU27_2020,CY	220 	410 	239 	505 
A,GE250,LCP,PPS_EU27_2020,CZ	240 	183 	259 bd	247 b
A,GE250,LCP,PPS_EU27_2020,DE	313 	359 	397 	616 
A,GE250,LCP,PPS_EU27_2020,DK	344 	384 	784 	291 
A,GE250,LCP,PPS_EU27_2020,EE	81 	206 	342 	295 
A,GE250,LCP,PPS_EU27_2020,EL	124 	158 	283 	114 
A,GE250,LCP,PPS_EU27_2020,ES	319 	385 	488 	391 
A,GE250,LCP,PPS_EU27_2020,EU27_2020	338 	391 	451 	473 
A,GE250,LCP,PPS_EU27_2020,EU28	280 	331 	356 	: 
A,GE250,LCP,PPS_EU27_2020,FI	251 	282 	271 	190 
A,GE250,LCP,PPS_EU27_2020,FR	446 	456 	665 	465 
A,GE250,LCP,PPS_EU27_2020,HR	: 	131 	234 	147 
A,GE250,LCP,PPS_EU27_2020,HU	151 	195 	168 	171 b
A,GE250,LCP,PPS_EU27_2020,IE	325 	: 	634 	1053 
A,GE250,LCP,PPS_EU27_2020,IT	405 	517 	511 	586 
A,GE250,LCP,PPS_EU27_2020,LT	82 	80 	98 	140 
A,GE250,LCP,PPS_EU27_2020,LU	738 	764 	794 	700 
A,GE250,LCP,PPS_EU27_2020,LV	: 	122 	140 	99 
A,GE250,LCP,PPS_EU27_2020,MK	: 	: 	158 	93 
A,GE250,LCP,PPS_EU27_2020,MT	305 	405 	367 	206 
A,GE250,LCP,PPS_EU27_2020,NL	431 	428 	415 	552 
A,GE250,LCP,PPS_EU27_2020,NO	276 	377 	379 	466 
A,GE250,LCP,PPS_EU27_2020,PL	135 	197 	257 	177 
A,GE250,LCP,PPS_EU27_2020,PT	245 	464 	311 	267 
A,GE250,LCP,PPS_EU27_2020,RO	64 	: 	173 	202 
A,GE250,LCP,PPS_EU27_2020,RS	: 	: 	: 	103 
A,GE250,LCP,PPS_EU27_2020,SE	591 	289 	384 b	407 b
A,GE250,LCP,PPS_EU27_2020,SI	345 	334 	807 	358 
A,GE250,LCP,PPS_EU27_2020,SK	172 	260 	271 	208 
A,GE250,LCP,PPS_EU27_2020,UK	70 	84 	50 	: 
A,GE250,NET,EUR,AT	-4 	-32 b	-2 	3 
A,GE250,NET,EUR,BE	34 	14 	36 	11 
A,GE250,NET,EUR,BG	0 	-4 b	0 	-1 
A,GE250,NET,EUR,CY	59 	82 	85 	28 
A,GE250,NET,EUR,CZ	-2 	-16 b	-9 bd	-3 b
A,GE250,NET,EUR,DE	0 	-1 b	2 	6 
A,GE250,NET,EUR,DK	17 u	5 b	465 	-10 
A,GE250,NET,EUR,EE	-1 	-5 b	0 	-1 
A,GE250,NET,EUR,EL	-46 	55 b	61 	1 
A,GE250,NET,EUR,ES	44 	102 b	105 	-35 
A,GE250,NET,EUR,EU27_2020	44 	49 	75 	61 
A,GE250,NET,EUR,EU28	43 	41 b	64 	: 
A,GE250,NET,EUR,FI	7 	0 b	-37 	-29 
A,GE250,NET,EUR,FR	210 	226 	391 	367 
A,GE250,NET,EUR,HR	: 	-2 	-2 	-4 
A,GE250,NET,EUR,HU	64 	85 b	119 	-15 b
A,GE250,NET,EUR,IE	-4 	: 	-4 	13 
A,GE250,NET,EUR,IT	86 	16 	44 	72 
A,GE250,NET,EUR,LT	-1 	-2 b	3 	-6 
A,GE250,NET,EUR,LU	-129 	-182 b	-238 	-95 
A,GE250,NET,EUR,LV	: 	-2 	-3 	-1 
A,GE250,NET,EUR,MK	: 	: 	0 	1 
A,GE250,NET,EUR,MT	-60 	8 b	19 	-5 
A,GE250,NET,EUR,NL	-34 u	8 b	1 	-1 
A,GE250,NET,EUR,NO	39 	11 	3 	4 
A,GE250,NET,EUR,PL	0 	-14 b	-1 	-1 
A,GE250,NET,EUR,PT	-10 	-14 b	-2 	-1 
A,GE250,NET,EUR,RO	0 	: 	0 	0 
A,GE250,NET,EUR,RS	: 	: 	: 	0 
A,GE250,NET,EUR,SE	0 	1 b	0 b	-3 b
A,GE250,NET,EUR,SI	-70 	-7 b	-3 	-7 
A,GE250,NET,EUR,SK	-17 	-1 b	0 	-1 
A,GE250,NET,EUR,UK	43 	8 b	18 	: 
A,GE250,NET,PPS,AT	-4 	-29 b	-2 	: 
A,GE250,NET,PPS,BE	32 	13 	34 	: 
A,GE250,NET,PPS,BG	0 	-9 b	0 	: 
A,GE250,NET,PPS,CY	70 	90 	97 	: 
A,GE250,NET,PPS,CZ	-4 	-22 b	-14 bd	: 
A,GE250,NET,PPS,DE	0 	-1 b	2 	: 
A,GE250,NET,PPS,DK	13 u	3 b	357 	: 
A,GE250,NET,PPS,EE	-2 	-8 b	0 	: 
A,GE250,NET,PPS,EL	-55 	58 b	75 	: 
A,GE250,NET,PPS,ES	49 	108 b	119 	: 
A,GE250,NET,PPS,EU27_2020	45 	50 	79 	: 
A,GE250,NET,PPS,EU28	43 	41 b	64 	: 
A,GE250,NET,PPS,FI	6 	0 b	-30 	: 
A,GE250,NET,PPS,FR	195 	203 	363 	: 
A,GE250,NET,PPS,HR	: 	-4 	-3 	: 
A,GE250,NET,PPS,HU	103 	142 b	209 	: 
A,GE250,NET,PPS,IE	-4 	: 	-4 	: 
A,GE250,NET,PPS,IT	85 	16 	44 	: 
A,GE250,NET,PPS,LT	-2 	-3 b	4 	: 
A,GE250,NET,PPS,LU	-116 	-150 b	-203 	: 
A,GE250,NET,PPS,LV	: 	-2 	-5 	: 
A,GE250,NET,PPS,MK	: 	: 	1 	: 
A,GE250,NET,PPS,MT	-89 	11 b	24 	: 
A,GE250,NET,PPS,NL	-32 u	7 b	1 	: 
A,GE250,NET,PPS,NO	29 	8 	2 	: 
A,GE250,NET,PPS,PL	-1 	-24 b	-1 	: 
A,GE250,NET,PPS,PT	-12 	-17 b	-3 	: 
A,GE250,NET,PPS,RO	0 	: 	0 	: 
A,GE250,NET,PPS,SE	0 	1 b	0 b	: 
A,GE250,NET,PPS,SI	-97 	-8 b	-4 	: 
A,GE250,NET,PPS,SK	-25 	-1 b	0 	: 
A,GE250,NET,PPS,UK	35 	7 b	14 	: 
A,GE250,NET,PPS_EU27_2020,AT	-4 	-29 b	-2 	3 
A,GE250,NET,PPS_EU27_2020,BE	31 	12 	32 	10 
A,GE250,NET,PPS_EU27_2020,BG	0 	-9 b	0 	-1 
A,GE250,NET,PPS_EU27_2020,CY	67 	89 	93 	31 
A,GE250,NET,PPS_EU27_2020,CZ	-4 	-22 b	-14 bd	-4 b
A,GE250,NET,PPS_EU27_2020,DE	0 	-1 b	2 	5 
A,GE250,NET,PPS_EU27_2020,DK	12 u	3 b	341 	-8 
A,GE250,NET,PPS_EU27_2020,EE	-2 	-8 b	0 	-1 
A,GE250,NET,PPS_EU27_2020,EL	-53 	57 b	72 	2 
A,GE250,NET,PPS_EU27_2020,ES	47 	107 b	114 	-37 
A,GE250,NET,PPS_EU27_2020,EU27_2020	44 	49 	75 	61 
A,GE250,NET,PPS_EU27_2020,EU28	42 	41 b	61 	: 
A,GE250,NET,PPS_EU27_2020,FI	6 	0 b	-29 	-23 
A,GE250,NET,PPS_EU27_2020,FR	188 	200 	347 	337 
A,GE250,NET,PPS_EU27_2020,HR	: 	-4 	-2 	-6 
A,GE250,NET,PPS_EU27_2020,HU	99 	141 b	200 	-24 b
A,GE250,NET,PPS_EU27_2020,IE	-4 	: 	-4 	11 
A,GE250,NET,PPS_EU27_2020,IT	82 	16 	42 	72 
A,GE250,NET,PPS_EU27_2020,LT	-2 	-3 b	4 	-9 
A,GE250,NET,PPS_EU27_2020,LU	-112 	-149 b	-194 	-73 
A,GE250,NET,PPS_EU27_2020,LV	: 	-2 	-4 	-1 
A,GE250,NET,PPS_EU27_2020,MK	: 	: 	1 	1 
A,GE250,NET,PPS_EU27_2020,MT	-86 	10 b	23 	-5 
A,GE250,NET,PPS_EU27_2020,NL	-31 u	7 b	1 	-1 
A,GE250,NET,PPS_EU27_2020,NO	28 	8 	2 	3 
A,GE250,NET,PPS_EU27_2020,PL	-1 	-24 b	-1 	-2 
A,GE250,NET,PPS_EU27_2020,PT	-12 	-17 b	-3 	-1 
A,GE250,NET,PPS_EU27_2020,RO	0 	: 	0 	0 
A,GE250,NET,PPS_EU27_2020,RS	: 	: 	: 	0 
A,GE250,NET,PPS_EU27_2020,SE	0 	1 b	0 b	-2 b
A,GE250,NET,PPS_EU27_2020,SI	-94 	-8 b	-4 	-8 
A,GE250,NET,PPS_EU27_2020,SK	-24 	-1 b	0 	-1 
A,GE250,NET,PPS_EU27_2020,UK	34 	7 b	13 	: 
A,GE250,TOTAL,EUR,AT	818 	844 b	741 	512 
A,GE250,TOTAL,EUR,BE	1088 	1624 	1695 	990 
A,GE250,TOTAL,EUR,BG	41 	73 b	130 	121 
A,GE250,TOTAL,EUR,CY	433 	718 	441 	626 
A,GE250,TOTAL,EUR,CZ	256 	241 b	295 bd	285 b
A,GE250,TOTAL,EUR,DE	639 	767 b	893 	1184 
A,GE250,TOTAL,EUR,DK	1106 u	895 b	2670 	569 
A,GE250,TOTAL,EUR,EE	127 	207 b	414 	324 
A,GE250,TOTAL,EUR,EL	184 	351 b	420 	167 
A,GE250,TOTAL,EUR,ES	547 	707 b	794 	458 
A,GE250,TOTAL,EUR,EU27_2020	681 	797 	878 	858 
A,GE250,TOTAL,EUR,EU28	622 	694 b	749 	: 
A,GE250,TOTAL,EUR,FI	602 	700 b	628 	381 
A,GE250,TOTAL,EUR,FR	1170 	1318 	1577 	1328 
A,GE250,TOTAL,EUR,HR	: 	176 	278 	216 
A,GE250,TOTAL,EUR,HU	294 	369 b	339 	201 b
A,GE250,TOTAL,EUR,IE	1055 	: 	1187 	1568 
A,GE250,TOTAL,EUR,IT	741 	729 	785 	894 
A,GE250,TOTAL,EUR,LT	103 	99 b	146 	151 
A,GE250,TOTAL,EUR,LU	1340 	1205 b	1390 	1167 
A,GE250,TOTAL,EUR,LV	: 	131 	157 	133 
A,GE250,TOTAL,EUR,MK	: 	: 	115 	80 
A,GE250,TOTAL,EUR,MT	438 	599 b	546 	384 
A,GE250,TOTAL,EUR,NL	1068 u	1072 b	996 	1266 
A,GE250,TOTAL,EUR,NO	739 	957 	1279 	1454 
A,GE250,TOTAL,EUR,PL	158 	206 b	260 	165 
A,GE250,TOTAL,EUR,PT	334 	610 b	401 	294 
A,GE250,TOTAL,EUR,RO	74 	: 	134 	139 
A,GE250,TOTAL,EUR,RS	: 	: 	: 	83 
A,GE250,TOTAL,EUR,SE	1157 	797 b	906 b	902 b
A,GE250,TOTAL,EUR,SI	438 	507 b	874 	440 
A,GE250,TOTAL,EUR,SK	215 	310 b	317 	304 
A,GE250,TOTAL,EUR,UK	368 	244 b	247 	: 
A,GE250,TOTAL,PPS,AT	788 	767 b	697 	: 
A,GE250,TOTAL,PPS,BE	1037 	1485 	1593 	: 
A,GE250,TOTAL,PPS,BG	114 	161 b	282 	: 
A,GE250,TOTAL,PPS,CY	509 	785 	500 	: 
A,GE250,TOTAL,PPS,CZ	445 	341 b	468 bd	: 
A,GE250,TOTAL,PPS,DE	622 	729 b	863 	: 
A,GE250,TOTAL,PPS,DK	817 u	672 b	2049 	: 
A,GE250,TOTAL,PPS,EE	214 	309 b	579 	: 
A,GE250,TOTAL,PPS,EL	220 	372 b	519 	: 
A,GE250,TOTAL,PPS,ES	604 	745 b	897 	: 
A,GE250,TOTAL,PPS,EU27_2020	707 	806 	917 	: 
A,GE250,TOTAL,PPS,EU28	622 	694 b	749 	: 
A,GE250,TOTAL,PPS,FI	522 	595 b	520 	: 
A,GE250,TOTAL,PPS,FR	1085 	1180 	1466 	: 
A,GE250,TOTAL,PPS,HR	: 	253 	453 	: 
A,GE250,TOTAL,PPS,HU	474 	616 b	596 	: 
A,GE250,TOTAL,PPS,IE	886 	: 	1102 	: 
A,GE250,TOTAL,PPS,IT	736 	722 	799 	: 
A,GE250,TOTAL,PPS,LT	200 	168 b	245 	: 
A,GE250,TOTAL,PPS,LU	1203 	996 b	1185 	: 
A,GE250,TOTAL,PPS,LV	: 	207 	237 	: 
A,GE250,TOTAL,PPS,MK	: 	: 	274 	: 
A,GE250,TOTAL,PPS,MT	650 	801 b	684 	: 
A,GE250,TOTAL,PPS,NL	1012 u	961 b	924 	: 
A,GE250,TOTAL,PPS,NO	559 	640 	866 	: 
A,GE250,TOTAL,PPS,PL	289 	349 b	463 	: 
A,GE250,TOTAL,PPS,PT	427 	749 b	515 	: 
A,GE250,TOTAL,PPS,RO	162 	: 	269 	: 
A,GE250,TOTAL,PPS,SE	963 	644 b	719 b	: 
A,GE250,TOTAL,PPS,SI	610 	608 b	1104 	: 
A,GE250,TOTAL,PPS,SK	323 	473 b	484 	: 
A,GE250,TOTAL,PPS,UK	302 	228 b	194 	: 
A,GE250,TOTAL,PPS_EU27_2020,AT	760 	759 b	667 	448 
A,GE250,TOTAL,PPS_EU27_2020,BE	999 	1469 	1524 	887 
A,GE250,TOTAL,PPS_EU27_2020,BG	109 	159 b	270 	225 
A,GE250,TOTAL,PPS_EU27_2020,CY	490 	776 	478 	683 
A,GE250,TOTAL,PPS_EU27_2020,CZ	429 	337 b	448 bd	394 b
A,GE250,TOTAL,PPS_EU27_2020,DE	600 	721 b	825 	1071 
A,GE250,TOTAL,PPS_EU27_2020,DK	787 u	665 b	1960 	427 
A,GE250,TOTAL,PPS_EU27_2020,EE	206 	306 b	554 	403 
A,GE250,TOTAL,PPS_EU27_2020,EL	212 	368 b	496 	202 
A,GE250,TOTAL,PPS_EU27_2020,ES	582 	736 b	858 	487 
A,GE250,TOTAL,PPS_EU27_2020,EU27_2020	681 	797 	878 	858 
A,GE250,TOTAL,PPS_EU27_2020,EU28	599 	687 b	716 	: 
A,GE250,TOTAL,PPS_EU27_2020,FI	503 	588 b	497 	301 
A,GE250,TOTAL,PPS_EU27_2020,FR	1046 	1167 	1402 	1220 
A,GE250,TOTAL,PPS_EU27_2020,HR	: 	251 	433 	335 
A,GE250,TOTAL,PPS_EU27_2020,HU	456 	609 b	570 	318 b
A,GE250,TOTAL,PPS_EU27_2020,IE	854 	: 	1054 	1308 
A,GE250,TOTAL,PPS_EU27_2020,IT	709 	714 	764 	900 
A,GE250,TOTAL,PPS_EU27_2020,LT	193 	166 b	235 	222 
A,GE250,TOTAL,PPS_EU27_2020,LU	1159 	985 b	1134 	902 
A,GE250,TOTAL,PPS_EU27_2020,LV	: 	204 	227 	181 
A,GE250,TOTAL,PPS_EU27_2020,MK	: 	: 	262 	175 
A,GE250,TOTAL,PPS_EU27_2020,MT	627 	792 b	655 	438 
A,GE250,TOTAL,PPS_EU27_2020,NL	975 u	950 b	884 	1093 
A,GE250,TOTAL,PPS_EU27_2020,NO	539 	634 	828 	1030 
A,GE250,TOTAL,PPS_EU27_2020,PL	278 	345 b	443 	273 
A,GE250,TOTAL,PPS_EU27_2020,PT	411 	741 b	493 	346 
A,GE250,TOTAL,PPS_EU27_2020,RO	157 	: 	257 	262 
A,GE250,TOTAL,PPS_EU27_2020,RS	: 	: 	: 	156 
A,GE250,TOTAL,PPS_EU27_2020,SE	928 	637 b	688 b	722 b
A,GE250,TOTAL,PPS_EU27_2020,SI	588 	601 b	1056 	523 
A,GE250,TOTAL,PPS_EU27_2020,SK	312 	468 b	463 	378 
A,GE250,TOTAL,PPS_EU27_2020,UK	291 	226 b	186 	: 
A,TOTAL,DIR,EUR,AT	322 	384 b	272 	197 
A,TOTAL,DIR,EUR,BE	243 	435 	498 	301 
A,TOTAL,DIR,EUR,BG	18 	27 b	49 	24 
A,TOTAL,DIR,EUR,CY	126 	166 	98 	131 
A,TOTAL,DIR,EUR,CZ	87 	100 b	115 bd	90 b
A,TOTAL,DIR,EUR,DE	252 	317 b	361 	351 
A,TOTAL,DIR,EUR,DK	612 u	360 b	667 	177 
A,TOTAL,DIR,EUR,EE	86 	74 b	126 	94 
A,TOTAL,DIR,EUR,EL	73 	73 b	67 	42 
A,TOTAL,DIR,EUR,ES	128 	166 b	182 	109 
A,TOTAL,DIR,EUR,EU27_2020	216 	262 	256 	228 
A,TOTAL,DIR,EUR,EU28	222 	247 b	245 	: 
A,TOTAL,DIR,EUR,FI	275 	300 b	300 	148 
A,TOTAL,DIR,EUR,FR	328 	424 	277 	286 
A,TOTAL,DIR,EUR,HR	: 	109 	111 	83 
A,TOTAL,DIR,EUR,HU	85 	100 b	76 	72 b
A,TOTAL,DIR,EUR,IE	545 	: 	364 	216 
A,TOTAL,DIR,EUR,IT	146 	132 	168 	207 
A,TOTAL,DIR,EUR,LT	36 	47 b	66 	50 
A,TOTAL,DIR,EUR,LU	436 	400 b	552 	325 
A,TOTAL,DIR,EUR,LV	: 	33 	47 	42 
A,TOTAL,DIR,EUR,MK	: 	: 	80 	31 
A,TOTAL,DIR,EUR,MT	178 	217 b	212 	140 
A,TOTAL,DIR,EUR,NL	450 u	461 b	487 	527 
A,TOTAL,DIR,EUR,NO	272 	382 	559 	597 
A,TOTAL,DIR,EUR,PL	57 	66 b	73 	42 
A,TOTAL,DIR,EUR,PT	88 	182 b	101 	50 
A,TOTAL,DIR,EUR,RO	29 	: 	30 	21 
A,TOTAL,DIR,EUR,RS	: 	: 	: 	31 
A,TOTAL,DIR,EUR,SE	385 	459 b	433 b	372 b
A,TOTAL,DIR,EUR,SI	222 	191 b	201 	188 
A,TOTAL,DIR,EUR,SK	77 	131 b	116 	120 
A,TOTAL,DIR,EUR,UK	254 	162 b	189 	: 
A,TOTAL,DIR,PPS,AT	310 	349 b	256 	: 
A,TOTAL,DIR,PPS,BE	231 	398 	468 	: 
A,TOTAL,DIR,PPS,BG	51 	59 b	107 	: 
A,TOTAL,DIR,PPS,CY	148 	181 	111 	: 
A,TOTAL,DIR,PPS,CZ	151 	142 b	182 bd	: 
A,TOTAL,DIR,PPS,DE	246 	301 b	348 	: 
A,TOTAL,DIR,PPS,DK	453 u	270 b	511 	: 
A,TOTAL,DIR,PPS,EE	145 	110 b	176 	: 
A,TOTAL,DIR,PPS,EL	87 	78 b	83 	: 
A,TOTAL,DIR,PPS,ES	141 	174 b	206 	: 
A,TOTAL,DIR,PPS,EU27_2020	224 	265 	268 	: 
A,TOTAL,DIR,PPS,EU28	222 	247 b	245 	: 
A,TOTAL,DIR,PPS,FI	239 	255 b	249 	: 
A,TOTAL,DIR,PPS,FR	304 	379 	257 	: 
A,TOTAL,DIR,PPS,HR	: 	157 	180 	: 
A,TOTAL,DIR,PPS,HU	137 	167 b	133 	: 
A,TOTAL,DIR,PPS,IE	458 	: 	338 	: 
A,TOTAL,DIR,PPS,IT	145 	131 	171 	: 
A,TOTAL,DIR,PPS,LT	71 	79 b	111 	: 
A,TOTAL,DIR,PPS,LU	391 	331 b	471 	: 
A,TOTAL,DIR,PPS,LV	: 	52 	71 	: 
A,TOTAL,DIR,PPS,MK	: 	: 	190 	: 
A,TOTAL,DIR,PPS,MT	264 	290 b	266 	: 
A,TOTAL,DIR,PPS,NL	427 u	413 b	452 	: 
A,TOTAL,DIR,PPS,NO	205 	255 	379 	: 
A,TOTAL,DIR,PPS,PL	104 	111 b	129 	: 
A,TOTAL,DIR,PPS,PT	112 	224 b	130 	: 
A,TOTAL,DIR,PPS,RO	64 	: 	60 	: 
A,TOTAL,DIR,PPS,SE	320 	371 b	344 b	: 
A,TOTAL,DIR,PPS,SI	310 	229 b	254 	: 
A,TOTAL,DIR,PPS,SK	115 	200 b	178 	: 
A,TOTAL,DIR,PPS,UK	209 	151 b	149 	: 
A,TOTAL,DIR,PPS_EU27_2020,AT	299 	346 b	245 	172 
A,TOTAL,DIR,PPS_EU27_2020,BE	223 	394 	447 	270 
A,TOTAL,DIR,PPS_EU27_2020,BG	49 	58 b	102 	44 
A,TOTAL,DIR,PPS_EU27_2020,CY	142 	180 	106 	143 
A,TOTAL,DIR,PPS_EU27_2020,CZ	145 	140 b	174 bd	124 b
A,TOTAL,DIR,PPS_EU27_2020,DE	237 	298 b	333 	318 
A,TOTAL,DIR,PPS_EU27_2020,DK	436 u	268 b	489 	133 
A,TOTAL,DIR,PPS_EU27_2020,EE	140 	109 b	168 	118 
A,TOTAL,DIR,PPS_EU27_2020,EL	84 	77 b	79 	51 
A,TOTAL,DIR,PPS_EU27_2020,ES	136 	173 b	197 	117 
A,TOTAL,DIR,PPS_EU27_2020,EU27_2020	216 	262 	256 	228 
A,TOTAL,DIR,PPS_EU27_2020,EU28	214 	244 b	234 	: 
A,TOTAL,DIR,PPS_EU27_2020,FI	230 	253 b	238 	117 
A,TOTAL,DIR,PPS_EU27_2020,FR	293 	375 	246 	262 
A,TOTAL,DIR,PPS_EU27_2020,HR	: 	155 	172 	128 
A,TOTAL,DIR,PPS_EU27_2020,HU	132 	165 b	127 	114 b
A,TOTAL,DIR,PPS_EU27_2020,IE	441 	: 	323 	180 
A,TOTAL,DIR,PPS_EU27_2020,IT	140 	130 	164 	208 
A,TOTAL,DIR,PPS_EU27_2020,LT	68 	79 b	106 	73 
A,TOTAL,DIR,PPS_EU27_2020,LU	377 	327 b	450 	251 
A,TOTAL,DIR,PPS_EU27_2020,LV	: 	51 	68 	57 
A,TOTAL,DIR,PPS_EU27_2020,MK	: 	: 	182 	67 
A,TOTAL,DIR,PPS_EU27_2020,MT	254 	287 b	255 	159 
A,TOTAL,DIR,PPS_EU27_2020,NL	411 u	409 b	432 	455 
A,TOTAL,DIR,PPS_EU27_2020,NO	198 	253 	362 	422 
A,TOTAL,DIR,PPS_EU27_2020,PL	100 	110 b	124 	70 
A,TOTAL,DIR,PPS_EU27_2020,PT	108 	221 b	124 	59 
A,TOTAL,DIR,PPS_EU27_2020,RO	62 	: 	57 	39 
A,TOTAL,DIR,PPS_EU27_2020,RS	: 	: 	: 	58 
A,TOTAL,DIR,PPS_EU27_2020,SE	308 	367 b	329 b	298 b
A,TOTAL,DIR,PPS_EU27_2020,SI	298 	226 b	243 	223 
A,TOTAL,DIR,PPS_EU27_2020,SK	111 	197 b	170 	149 
A,TOTAL,DIR,PPS_EU27_2020,UK	201 	150 b	143 	: 
A,TOTAL,LCP,EUR,AT	245 	314 	348 	272 
A,TOTAL,LCP,EUR,BE	454 	745 	865 	477 
A,TOTAL,LCP,EUR,BG	11 	23 	48 	49 
A,TOTAL,LCP,EUR,CY	98 	196 	129 	181 
A,TOTAL,LCP,EUR,CZ	105 	93 	136 bd	138 b
A,TOTAL,LCP,EUR,DE	273 	300 	322 	455 
A,TOTAL,LCP,EUR,DK	491 	584 	732 	376 
A,TOTAL,LCP,EUR,EE	44 	82 	165 	187 
A,TOTAL,LCP,EUR,EL	68 	72 	104 	52 
A,TOTAL,LCP,EUR,ES	174 	243 	315 	331 
A,TOTAL,LCP,EUR,EU27_2020	236 	282 	319 	335 
A,TOTAL,LCP,EUR,EU28	213 	254 	280 	: 
A,TOTAL,LCP,EUR,FI	244 	273 	275 	199 
A,TOTAL,LCP,EUR,FR	366 	384 	519 	396 
A,TOTAL,LCP,EUR,HR	: 	83 	128 	86 
A,TOTAL,LCP,EUR,HU	59 	62 	55 	72 b
A,TOTAL,LCP,EUR,IE	281 	: 	571 	789 
A,TOTAL,LCP,EUR,IT	223 	282 	320 	411 
A,TOTAL,LCP,EUR,LT	25 	39 	40 	69 
A,TOTAL,LCP,EUR,LU	529 	641 	722 	701 
A,TOTAL,LCP,EUR,LV	: 	38 	55 	50 
A,TOTAL,LCP,EUR,MK	: 	: 	52 	27 
A,TOTAL,LCP,EUR,MT	124 	148 	187 	112 
A,TOTAL,LCP,EUR,NL	351 	416 	397 	494 
A,TOTAL,LCP,EUR,NO	307 	587 	513 	553 
A,TOTAL,LCP,EUR,PL	49 	69 	86 	67 
A,TOTAL,LCP,EUR,PT	114 	263 	161 	155 
A,TOTAL,LCP,EUR,RO	19 	: 	55 	60 
A,TOTAL,LCP,EUR,RS	: 	: 	: 	47 
A,TOTAL,LCP,EUR,SE	542 	385 	437 b	442 b
A,TOTAL,LCP,EUR,SI	208 	265 	491 	226 
A,TOTAL,LCP,EUR,SK	76 	138 	140 	132 
A,TOTAL,LCP,EUR,UK	93 	99 	88 	: 
A,TOTAL,LCP,PPS,AT	236 	285 	327 	: 
A,TOTAL,LCP,PPS,BE	432 	681 	813 	: 
A,TOTAL,LCP,PPS,BG	31 	50 	103 	: 
A,TOTAL,LCP,PPS,CY	116 	214 	146 	: 
A,TOTAL,LCP,PPS,CZ	182 	132 	215 bd	: 
A,TOTAL,LCP,PPS,DE	266 	286 	311 	: 
A,TOTAL,LCP,PPS,DK	363 	439 	562 	: 
A,TOTAL,LCP,PPS,EE	75 	122 	231 	: 
A,TOTAL,LCP,PPS,EL	81 	76 	129 	: 
A,TOTAL,LCP,PPS,ES	193 	255 	357 	: 
A,TOTAL,LCP,PPS,EU27_2020	245 	285 	334 	: 
A,TOTAL,LCP,PPS,EU28	213 	254 	280 	: 
A,TOTAL,LCP,PPS,FI	212 	232 	228 	: 
A,TOTAL,LCP,PPS,FR	339 	344 	482 	: 
A,TOTAL,LCP,PPS,HR	: 	120 	209 	: 
A,TOTAL,LCP,PPS,HU	95 	104 	97 	: 
A,TOTAL,LCP,PPS,IE	236 	: 	530 	: 
A,TOTAL,LCP,PPS,IT	221 	279 	326 	: 
A,TOTAL,LCP,PPS,LT	49 	67 	67 	: 
A,TOTAL,LCP,PPS,LU	475 	530 	616 	: 
A,TOTAL,LCP,PPS,LV	: 	59 	83 	: 
A,TOTAL,LCP,PPS,MK	: 	: 	124 	: 
A,TOTAL,LCP,PPS,MT	184 	197 	234 	: 
A,TOTAL,LCP,PPS,NL	333 	372 	369 	: 
A,TOTAL,LCP,PPS,NO	232 	393 	347 	: 
A,TOTAL,LCP,PPS,PL	90 	116 	153 	: 
A,TOTAL,LCP,PPS,PT	145 	323 	207 	: 
A,TOTAL,LCP,PPS,RO	41 	: 	110 	: 
A,TOTAL,LCP,PPS,SE	451 	312 	347 b	: 
A,TOTAL,LCP,PPS,SI	289 	318 	620 	: 
A,TOTAL,LCP,PPS,SK	114 	210 	214 	: 
A,TOTAL,LCP,PPS,UK	76 	92 	69 	: 
A,TOTAL,LCP,PPS_EU27_2020,AT	227 	282 	313 	238 
A,TOTAL,LCP,PPS_EU27_2020,BE	417 	674 	777 	428 
A,TOTAL,LCP,PPS_EU27_2020,BG	29 	49 	99 	92 
A,TOTAL,LCP,PPS_EU27_2020,CY	112 	212 	140 	198 
A,TOTAL,LCP,PPS_EU27_2020,CZ	175 	131 	205 bd	191 b
A,TOTAL,LCP,PPS_EU27_2020,DE	256 	282 	298 	412 
A,TOTAL,LCP,PPS_EU27_2020,DK	349 	434 	537 	283 
A,TOTAL,LCP,PPS_EU27_2020,EE	72 	120 	221 	233 
A,TOTAL,LCP,PPS_EU27_2020,EL	78 	75 	123 	63 
A,TOTAL,LCP,PPS_EU27_2020,ES	186 	253 	341 	353 
A,TOTAL,LCP,PPS_EU27_2020,EU27_2020	236 	282 	319 	335 
A,TOTAL,LCP,PPS_EU27_2020,EU28	205 	251 	268 	: 
A,TOTAL,LCP,PPS_EU27_2020,FI	204 	229 	218 	157 
A,TOTAL,LCP,PPS_EU27_2020,FR	327 	340 	461 	364 
A,TOTAL,LCP,PPS_EU27_2020,HR	: 	118 	200 	133 
A,TOTAL,LCP,PPS_EU27_2020,HU	91 	103 	93 	114 b
A,TOTAL,LCP,PPS_EU27_2020,IE	227 	: 	507 	658 
A,TOTAL,LCP,PPS_EU27_2020,IT	213 	276 	312 	414 
A,TOTAL,LCP,PPS_EU27_2020,LT	47 	66 	64 	102 
A,TOTAL,LCP,PPS_EU27_2020,LU	458 	524 	589 	542 
A,TOTAL,LCP,PPS_EU27_2020,LV	: 	59 	79 	67 
A,TOTAL,LCP,PPS_EU27_2020,MK	: 	: 	118 	58 
A,TOTAL,LCP,PPS_EU27_2020,MT	177 	195 	224 	128 
A,TOTAL,LCP,PPS_EU27_2020,NL	321 	368 	353 	427 
A,TOTAL,LCP,PPS_EU27_2020,NO	223 	388 	332 	391 
A,TOTAL,LCP,PPS_EU27_2020,PL	87 	115 	146 	111 
A,TOTAL,LCP,PPS_EU27_2020,PT	140 	319 	198 	182 
A,TOTAL,LCP,PPS_EU27_2020,RO	40 	: 	105 	113 
A,TOTAL,LCP,PPS_EU27_2020,RS	: 	: 	: 	89 
A,TOTAL,LCP,PPS_EU27_2020,SE	434 	308 	332 b	354 b
A,TOTAL,LCP,PPS_EU27_2020,SI	279 	315 	593 	269 
A,TOTAL,LCP,PPS_EU27_2020,SK	110 	208 	205 	164 
A,TOTAL,LCP,PPS_EU27_2020,UK	74 	91 	66 	: 
A,TOTAL,NET,EUR,AT	-12 	-22 b	0 	12 
A,TOTAL,NET,EUR,BE	35 	28 	42 	7 
A,TOTAL,NET,EUR,BG	0 	-2 b	-1 	0 
A,TOTAL,NET,EUR,CY	58 	77 	74 	8 
A,TOTAL,NET,EUR,CZ	-1 	-13 b	-15 bd	-37 b
A,TOTAL,NET,EUR,DE	0 	0 b	3 	3 
A,TOTAL,NET,EUR,DK	12 u	5 b	227 	3 
A,TOTAL,NET,EUR,EE	-2 	-7 b	-1 	-2 
A,TOTAL,NET,EUR,EL	-20 	56 b	76 	1 
A,TOTAL,NET,EUR,ES	35 	106 b	99 	-26 
A,TOTAL,NET,EUR,EU27_2020	45 	51 	69 	52 
A,TOTAL,NET,EUR,EU28	43 	44 b	60 	: 
A,TOTAL,NET,EUR,FI	3 	0 b	-24 	-17 
A,TOTAL,NET,EUR,FR	234 	229 	358 	319 
A,TOTAL,NET,EUR,HR	: 	-6 	-3 	-5 
A,TOTAL,NET,EUR,HU	44 	74 b	92 	53 b
A,TOTAL,NET,EUR,IE	-2 	: 	3 	27 
A,TOTAL,NET,EUR,IT	66 	43 	56 	63 
A,TOTAL,NET,EUR,LT	0 	-11 b	1 	-5 
A,TOTAL,NET,EUR,LU	-58 	-98 b	-138 	-55 
A,TOTAL,NET,EUR,LV	: 	-1 	-2 	-1 
A,TOTAL,NET,EUR,MK	: 	: 	2 	0 
A,TOTAL,NET,EUR,MT	-25 	2 b	15 	-2 
A,TOTAL,NET,EUR,NL	-49 u	16 b	9 	5 
A,TOTAL,NET,EUR,NO	11 	2 	-13 	-11 
A,TOTAL,NET,EUR,PL	0 	-10 b	-1 	-1 
A,TOTAL,NET,EUR,PT	-7 	-26 b	0 	-1 
A,TOTAL,NET,EUR,RO	0 	: 	0 	0 
A,TOTAL,NET,EUR,RS	: 	: 	: 	-1 
A,TOTAL,NET,EUR,SE	-6 	-6 b	17 b	-6 b
A,TOTAL,NET,EUR,SI	-40 	-23 b	-4 	-10 
A,TOTAL,NET,EUR,SK	-8 	-2 b	0 	-5 
A,TOTAL,NET,EUR,UK	36 	6 b	16 	: 
A,TOTAL,NET,PPS,AT	-11 	-20 b	0 	: 
A,TOTAL,NET,PPS,BE	34 	25 	39 	: 
A,TOTAL,NET,PPS,BG	0 	-4 b	-3 	: 
A,TOTAL,NET,PPS,CY	69 	84 	84 	: 
A,TOTAL,NET,PPS,CZ	-2 	-19 b	-24 bd	: 
A,TOTAL,NET,PPS,DE	0 	0 b	3 	: 
A,TOTAL,NET,PPS,DK	9 u	4 b	174 	: 
A,TOTAL,NET,PPS,EE	-4 	-11 b	-2 	: 
A,TOTAL,NET,PPS,EL	-23 	60 b	94 	: 
A,TOTAL,NET,PPS,ES	39 	111 b	112 	: 
A,TOTAL,NET,PPS,EU27_2020	46 	52 	72 	: 
A,TOTAL,NET,PPS,EU28	43 	44 b	60 	: 
A,TOTAL,NET,PPS,FI	3 	0 b	-20 	: 
A,TOTAL,NET,PPS,FR	217 	205 	332 	: 
A,TOTAL,NET,PPS,HR	: 	-9 	-4 	: 
A,TOTAL,NET,PPS,HU	71 	124 b	162 	: 
A,TOTAL,NET,PPS,IE	-1 	: 	3 	: 
A,TOTAL,NET,PPS,IT	66 	42 	57 	: 
A,TOTAL,NET,PPS,LT	-1 	-18 b	2 	: 
A,TOTAL,NET,PPS,LU	-52 	-81 b	-118 	: 
A,TOTAL,NET,PPS,LV	: 	-1 	-3 	: 
A,TOTAL,NET,PPS,MK	: 	: 	5 	: 
A,TOTAL,NET,PPS,MT	-38 	3 b	19 	: 
A,TOTAL,NET,PPS,NL	-47 u	14 b	8 	: 
A,TOTAL,NET,PPS,NO	9 	1 	-9 	: 
A,TOTAL,NET,PPS,PL	0 	-18 b	-1 	: 
A,TOTAL,NET,PPS,PT	-9 	-32 b	0 	: 
A,TOTAL,NET,PPS,RO	0 	: 	0 	: 
A,TOTAL,NET,PPS,SE	-5 	-5 b	14 b	: 
A,TOTAL,NET,PPS,SI	-56 	-28 b	-6 	: 
A,TOTAL,NET,PPS,SK	-12 	-3 b	0 	: 
A,TOTAL,NET,PPS,UK	30 	6 b	12 	: 
A,TOTAL,NET,PPS_EU27_2020,AT	-11 	-20 b	0 	10 
A,TOTAL,NET,PPS_EU27_2020,BE	32 	25 	38 	6 
A,TOTAL,NET,PPS_EU27_2020,BG	0 	-4 b	-2 	0 
A,TOTAL,NET,PPS_EU27_2020,CY	66 	83 	80 	9 
A,TOTAL,NET,PPS_EU27_2020,CZ	-2 	-19 b	-23 bd	-51 b
A,TOTAL,NET,PPS_EU27_2020,DE	0 	0 b	3 	3 
A,TOTAL,NET,PPS_EU27_2020,DK	9 u	4 b	167 	2 
A,TOTAL,NET,PPS_EU27_2020,EE	-4 	-11 b	-2 	-3 
A,TOTAL,NET,PPS_EU27_2020,EL	-23 	59 b	90 	1 
A,TOTAL,NET,PPS_EU27_2020,ES	38 	110 b	107 	-27 
A,TOTAL,NET,PPS_EU27_2020,EU27_2020	45 	51 	69 	52 
A,TOTAL,NET,PPS_EU27_2020,EU28	42 	44 b	57 	: 
A,TOTAL,NET,PPS_EU27_2020,FI	3 	0 b	-19 	-13 
A,TOTAL,NET,PPS_EU27_2020,FR	209 	202 	318 	293 
A,TOTAL,NET,PPS_EU27_2020,HR	: 	-9 	-4 	-8 
A,TOTAL,NET,PPS_EU27_2020,HU	69 	122 b	155 	84 b
A,TOTAL,NET,PPS_EU27_2020,IE	-1 	: 	3 	22 
A,TOTAL,NET,PPS_EU27_2020,IT	63 	42 	54 	63 
A,TOTAL,NET,PPS_EU27_2020,LT	-1 	-18 b	2 	-7 
A,TOTAL,NET,PPS_EU27_2020,LU	-50 	-81 b	-113 	-43 
A,TOTAL,NET,PPS_EU27_2020,LV	: 	-1 	-3 	-1 
A,TOTAL,NET,PPS_EU27_2020,MK	: 	: 	5 	-1 
A,TOTAL,NET,PPS_EU27_2020,MT	-36 	3 b	18 	-2 
A,TOTAL,NET,PPS_EU27_2020,NL	-45 u	14 b	8 	4 
A,TOTAL,NET,PPS_EU27_2020,NO	8 	1 	-8 	-8 
A,TOTAL,NET,PPS_EU27_2020,PL	0 	-17 b	-1 	-2 
A,TOTAL,NET,PPS_EU27_2020,PT	-8 	-31 b	0 	-1 
A,TOTAL,NET,PPS_EU27_2020,RO	0 	: 	0 	0 
A,TOTAL,NET,PPS_EU27_2020,RS	: 	: 	: 	-1 
A,TOTAL,NET,PPS_EU27_2020,SE	-5 	-5 b	13 b	-5 b
A,TOTAL,NET,PPS_EU27_2020,SI	-54 	-27 b	-5 	-12 
A,TOTAL,NET,PPS_EU27_2020,SK	-11 	-3 b	0 	-7 
A,TOTAL,NET,PPS_EU27_2020,UK	29 	6 b	12 	: 
A,TOTAL,TOTAL,EUR,AT	555 	676 b	619 	481 
A,TOTAL,TOTAL,EUR,BE	732 	1207 	1405 	785 
A,TOTAL,TOTAL,EUR,BG	29 	48 b	96 	73 
A,TOTAL,TOTAL,EUR,CY	283 	439 	301 	320 
A,TOTAL,TOTAL,EUR,CZ	190 	180 b	235 bd	191 b
A,TOTAL,TOTAL,EUR,DE	526 	617 b	686 	810 
A,TOTAL,TOTAL,EUR,DK	1115 u	950 b	1625 	557 
A,TOTAL,TOTAL,EUR,EE	128 	148 b	290 	279 
A,TOTAL,TOTAL,EUR,EL	121 	201 b	247 	95 
A,TOTAL,TOTAL,EUR,ES	338 	514 b	597 	415 
A,TOTAL,TOTAL,EUR,EU27_2020	496 	595 	644 	615 
A,TOTAL,TOTAL,EUR,EU28	478 	545 b	585 	: 
A,TOTAL,TOTAL,EUR,FI	522 	573 b	551 	330 
A,TOTAL,TOTAL,EUR,FR	928 	1036 	1154 	1001 
A,TOTAL,TOTAL,EUR,HR	: 	185 	236 	164 
A,TOTAL,TOTAL,EUR,HU	188 	236 b	223 	198 b
A,TOTAL,TOTAL,EUR,IE	824 	: 	939 	1031 
A,TOTAL,TOTAL,EUR,IT	435 	458 	544 	680 
A,TOTAL,TOTAL,EUR,LT	61 	75 b	107 	114 
A,TOTAL,TOTAL,EUR,LU	907 	943 b	1136 	970 
A,TOTAL,TOTAL,EUR,LV	: 	70 	100 	91 
A,TOTAL,TOTAL,EUR,MK	: 	: 	134 	57 
A,TOTAL,TOTAL,EUR,MT	276 	367 b	415 	250 
A,TOTAL,TOTAL,EUR,NL	753 u	892 b	893 	1027 
A,TOTAL,TOTAL,EUR,NO	590 	970 	1060 	1139 
A,TOTAL,TOTAL,EUR,PL	106 	124 b	158 	108 
A,TOTAL,TOTAL,EUR,PT	195 	419 b	262 	204 
A,TOTAL,TOTAL,EUR,RO	48 	: 	84 	80 
A,TOTAL,TOTAL,EUR,RS	: 	: 	: 	77 
A,TOTAL,TOTAL,EUR,SE	920 	839 b	888 b	808 b
A,TOTAL,TOTAL,EUR,SI	390 	433 b	688 	404 
A,TOTAL,TOTAL,EUR,SK	144 	267 b	256 	247 
A,TOTAL,TOTAL,EUR,UK	383 	267 b	293 	: 
A,TOTAL,TOTAL,PPS,AT	535 	614 b	583 	: 
A,TOTAL,TOTAL,PPS,BE	697 	1104 	1320 	: 
A,TOTAL,TOTAL,PPS,BG	81 	105 b	208 	: 
A,TOTAL,TOTAL,PPS,CY	332 	480 	342 	: 
A,TOTAL,TOTAL,PPS,CZ	331 	255 b	373 bd	: 
A,TOTAL,TOTAL,PPS,DE	512 	587 b	662 	: 
A,TOTAL,TOTAL,PPS,DK	824 u	713 b	1247 	: 
A,TOTAL,TOTAL,PPS,EE	216 	221 b	405 	: 
A,TOTAL,TOTAL,PPS,EL	145 	213 b	305 	: 
A,TOTAL,TOTAL,PPS,ES	373 	541 b	675 	: 
A,TOTAL,TOTAL,PPS,EU27_2020	515 	601 	674 	: 
A,TOTAL,TOTAL,PPS,EU28	478 	545 b	585 	: 
A,TOTAL,TOTAL,PPS,FI	453 	487 b	456 	: 
A,TOTAL,TOTAL,PPS,FR	861 	928 	1072 	: 
A,TOTAL,TOTAL,PPS,HR	: 	267 	385 	: 
A,TOTAL,TOTAL,PPS,HU	303 	394 b	392 	: 
A,TOTAL,TOTAL,PPS,IE	693 	: 	871 	: 
A,TOTAL,TOTAL,PPS,IT	432 	453 	554 	: 
A,TOTAL,TOTAL,PPS,LT	118 	128 b	180 	: 
A,TOTAL,TOTAL,PPS,LU	815 	780 b	969 	: 
A,TOTAL,TOTAL,PPS,LV	: 	110 	151 	: 
A,TOTAL,TOTAL,PPS,MK	: 	: 	319 	: 
A,TOTAL,TOTAL,PPS,MT	410 	491 b	520 	: 
A,TOTAL,TOTAL,PPS,NL	713 u	800 b	829 	: 
A,TOTAL,TOTAL,PPS,NO	446 	649 	718 	: 
A,TOTAL,TOTAL,PPS,PL	194 	210 b	281 	: 
A,TOTAL,TOTAL,PPS,PT	249 	515 b	337 	: 
A,TOTAL,TOTAL,PPS,RO	105 	: 	169 	: 
A,TOTAL,TOTAL,PPS,SE	766 	678 b	705 b	: 
A,TOTAL,TOTAL,PPS,SI	543 	520 b	869 	: 
A,TOTAL,TOTAL,PPS,SK	217 	407 b	392 	: 
A,TOTAL,TOTAL,PPS,UK	315 	250 b	231 	: 
A,TOTAL,TOTAL,PPS_EU27_2020,AT	516 	607 b	557 	420 
A,TOTAL,TOTAL,PPS_EU27_2020,BE	672 	1092 	1262 	704 
A,TOTAL,TOTAL,PPS_EU27_2020,BG	78 	104 b	199 	135 
A,TOTAL,TOTAL,PPS_EU27_2020,CY	320 	475 	327 	350 
A,TOTAL,TOTAL,PPS_EU27_2020,CZ	319 	252 b	357 bd	265 b
A,TOTAL,TOTAL,PPS_EU27_2020,DE	493 	580 b	634 	733 
A,TOTAL,TOTAL,PPS_EU27_2020,DK	794 u	705 b	1193 	418 
A,TOTAL,TOTAL,PPS_EU27_2020,EE	208 	219 b	387 	348 
A,TOTAL,TOTAL,PPS_EU27_2020,EL	140 	211 b	292 	115 
A,TOTAL,TOTAL,PPS_EU27_2020,ES	359 	535 b	646 	442 
A,TOTAL,TOTAL,PPS_EU27_2020,EU27_2020	496 	595 	644 	615 
A,TOTAL,TOTAL,PPS_EU27_2020,EU28	461 	539 b	559 	: 
A,TOTAL,TOTAL,PPS_EU27_2020,FI	437 	482 b	436 	261 
A,TOTAL,TOTAL,PPS_EU27_2020,FR	829 	918 	1025 	920 
A,TOTAL,TOTAL,PPS_EU27_2020,HR	: 	264 	368 	254 
A,TOTAL,TOTAL,PPS_EU27_2020,HU	292 	390 b	375 	312 b
A,TOTAL,TOTAL,PPS_EU27_2020,IE	667 	: 	834 	860 
A,TOTAL,TOTAL,PPS_EU27_2020,IT	416 	448 	529 	685 
A,TOTAL,TOTAL,PPS_EU27_2020,LT	114 	126 b	172 	167 
A,TOTAL,TOTAL,PPS_EU27_2020,LU	785 	771 b	927 	750 
A,TOTAL,TOTAL,PPS_EU27_2020,LV	: 	108 	144 	123 
A,TOTAL,TOTAL,PPS_EU27_2020,MK	: 	: 	306 	125 
A,TOTAL,TOTAL,PPS_EU27_2020,MT	395 	486 b	497 	285 
A,TOTAL,TOTAL,PPS_EU27_2020,NL	687 u	791 b	793 	886 
A,TOTAL,TOTAL,PPS_EU27_2020,NO	430 	642 	686 	806 
A,TOTAL,TOTAL,PPS_EU27_2020,PL	187 	208 b	268 	179 
A,TOTAL,TOTAL,PPS_EU27_2020,PT	240 	509 b	322 	239 
A,TOTAL,TOTAL,PPS_EU27_2020,RO	102 	: 	162 	152 
A,TOTAL,TOTAL,PPS_EU27_2020,RS	: 	: 	: 	145 
A,TOTAL,TOTAL,PPS_EU27_2020,SE	738 	671 b	674 b	647 b
A,TOTAL,TOTAL,PPS_EU27_2020,SI	523 	514 b	831 	481 
A,TOTAL,TOTAL,PPS_EU27_2020,SK	209 	402 b	375 	306 
A,TOTAL,TOTAL,PPS_EU27_2020,UK	303 	247 b	221 	: 
